fecha_scraping,recinto,evento,fecha_funcion,hora,sector_id,sector,asientos_totales,asientos_vendidos
2026-08-04 13:48,MOVISTAR ARENA - SANTIAGO CENTRO,Aitana,2026-10-19,,TT4S1R97,PLATEA BAJA,189,188
2026-08-04 13:48,MOVISTAR ARENA - SANTIAGO CENTRO,Aitana,2026-10-19,,TT4S6R-95,PLATEA BAJA,261,260
2026-08-04 13:48,MOVISTAR ARENA - SANTIAGO CENTRO,Aitana,2026-10-19,,TT10S3R-46,PLATEA BAJA SILVER,294,67
2026-08-04 13:48,MOVISTAR ARENA - SANTIAGO CENTRO,Aitana,2026-10-19,,TT10S2R46,PLATEA BAJA SILVER,302,73
2026-08-04 13:48,MOVISTAR ARENA - SANTIAGO CENTRO,Aitana,2026-10-19,,TT4S2R92,PLATEA BAJA,472,471
2026-08-04 13:48,MOVISTAR ARENA - SANTIAGO CENTRO,Aitana,2026-10-19,,TT4S4R-90,PLATEA BAJA,235,186
2026-08-04 13:48,MOVISTAR ARENA - SANTIAGO CENTRO,Aitana,2026-10-19,,TT10S4R-75,PLATEA BAJA SILVER,257,118
2026-08-04 13:48,MOVISTAR ARENA - SANTIAGO CENTRO,Aitana,2026-10-19,,TT10S1R75,PLATEA BAJA SILVER,256,144
2026-08-04 13:48,MOVISTAR ARENA - SANTIAGO CENTRO,Aitana,2026-10-19,,TT4S3R90,PLATEA BAJA,468,383
2026-08-04 13:48,MOVISTAR ARENA - SANTIAGO CENTRO,Aitana,2026-10-19,,TT4S5R-92,PLATEA BAJA,392,354
2026-08-04 13:48,MOVISTAR ARENA - SANTIAGO CENTRO,Aitana,2026-10-19,,TT5S9R-92,PLATEA ALTA,474,419
2026-08-04 13:48,MOVISTAR ARENA - SANTIAGO CENTRO,Aitana,2026-10-19,,TT5S8R-90,PLATEA ALTA,417,331
2026-08-04 13:48,MOVISTAR ARENA - SANTIAGO CENTRO,Aitana,2026-10-19,,TT5S4R75,PLATEA ALTA,366,264
2026-08-04 13:48,MOVISTAR ARENA - SANTIAGO CENTRO,Aitana,2026-10-19,,TT5S7R-75,PLATEA ALTA,363,268
2026-08-04 13:48,MOVISTAR ARENA - SANTIAGO CENTRO,Aitana,2026-10-19,,TT5S6R-46,PLATEA ALTA,257,102
2026-08-04 13:48,MOVISTAR ARENA - SANTIAGO CENTRO,Aitana,2026-10-19,,TT5S5R46,PLATEA ALTA,262,107
2026-08-04 13:48,MOVISTAR ARENA - SANTIAGO CENTRO,Aitana,2026-10-19,,TT5S2R92,PLATEA ALTA,474,438
2026-08-04 13:48,MOVISTAR ARENA - SANTIAGO CENTRO,Aitana,2026-10-19,,TT5S3R90,PLATEA ALTA,417,361
2026-08-04 13:48,MOVISTAR ARENA - SANTIAGO CENTRO,Aitana,2026-10-19,,TT2S2,DIAMANTE,288,217
2026-08-04 13:48,MOVISTAR ARENA - SANTIAGO CENTRO,Aitana,2026-10-19,,TT2S3,DIAMANTE,288,286
2026-08-04 13:48,MOVISTAR ARENA - SANTIAGO CENTRO,Aitana,2026-10-19,,TT2S4,DIAMANTE,288,213
2026-08-04 13:48,MOVISTAR ARENA - SANTIAGO CENTRO,Aitana,2026-10-19,,TT3S2,PLATINUM,270,136
2026-08-04 13:48,MOVISTAR ARENA - SANTIAGO CENTRO,Aitana,2026-10-19,,TT3S3,PLATINUM,270,159
2026-08-04 13:48,MOVISTAR ARENA - SANTIAGO CENTRO,Aitana,2026-10-19,,TT3S4,PLATINUM,270,133
2026-08-04 13:48,MOVISTAR ARENA - SANTIAGO CENTRO,Aitana,2026-10-19,,TT2S5,DIAMANTE,96,56
2026-08-04 13:48,MOVISTAR ARENA - SANTIAGO CENTRO,Aitana,2026-10-19,,TT2S1,DIAMANTE,90,53
2026-08-04 13:48,MOVISTAR ARENA - SANTIAGO CENTRO,Aitana,2026-10-19,,TT9S2,GOLDEN,324,43
2026-08-04 13:48,MOVISTAR ARENA - SANTIAGO CENTRO,Aitana,2026-10-19,,TT9S3,GOLDEN,324,35
2026-08-04 13:48,MOVISTAR ARENA - SANTIAGO CENTRO,Aitana,2026-10-19,,TT9S1,GOLDEN,82,2
2026-08-04 13:48,MOVISTAR ARENA - SANTIAGO CENTRO,Aitana,2026-10-19,,TT9S4,GOLDEN,82,12
2026-08-04 13:48,MOVISTAR ARENA - SANTIAGO CENTRO,Aitana,2026-10-19,,TT3S1,PLATINUM,72,12
2026-08-04 13:48,MOVISTAR ARENA - SANTIAGO CENTRO,Aitana,2026-10-19,,TT3S5,PLATINUM,54,13
2026-08-04 13:49,MOVISTAR ARENA - SANTIAGO CENTRO,La Combo Tortuga - 15 aniversario,2026-11-06,,TT5S14R-97,PLATEA ALTA,358,163
2026-08-04 13:49,MOVISTAR ARENA - SANTIAGO CENTRO,La Combo Tortuga - 15 aniversario,2026-11-06,,TT5S13R-92,PLATEA ALTA,474,241
2026-08-04 13:49,MOVISTAR ARENA - SANTIAGO CENTRO,La Combo Tortuga - 15 aniversario,2026-11-06,,TT5S12R-90,PLATEA ALTA,417,205
2026-08-04 13:49,MOVISTAR ARENA - SANTIAGO CENTRO,La Combo Tortuga - 15 aniversario,2026-11-06,,TT5S4R75,PLATEA ALTA,366,128
2026-08-04 13:49,MOVISTAR ARENA - SANTIAGO CENTRO,La Combo Tortuga - 15 aniversario,2026-11-06,,TT5S11R-75,PLATEA ALTA,363,95
2026-08-04 13:49,MOVISTAR ARENA - SANTIAGO CENTRO,La Combo Tortuga - 15 aniversario,2026-11-06,,TT5S10R-46,PLATEA ALTA,257,56
2026-08-04 13:49,MOVISTAR ARENA - SANTIAGO CENTRO,La Combo Tortuga - 15 aniversario,2026-11-06,,TT5S5R46,PLATEA ALTA,262,49
2026-08-04 13:49,MOVISTAR ARENA - SANTIAGO CENTRO,La Combo Tortuga - 15 aniversario,2026-11-06,,TT5S6R40,PLATEA ALTA,201,51
2026-08-04 13:49,MOVISTAR ARENA - SANTIAGO CENTRO,La Combo Tortuga - 15 aniversario,2026-11-06,,TT5S9R-40,PLATEA ALTA,201,47
2026-08-04 13:49,MOVISTAR ARENA - SANTIAGO CENTRO,La Combo Tortuga - 15 aniversario,2026-11-06,,TT5S8,PLATEA ALTA,199,62
2026-08-04 13:49,MOVISTAR ARENA - SANTIAGO CENTRO,La Combo Tortuga - 15 aniversario,2026-11-06,,TT5S7,PLATEA ALTA,198,73
2026-08-04 13:49,MOVISTAR ARENA - SANTIAGO CENTRO,La Combo Tortuga - 15 aniversario,2026-11-06,,TT1S5R-97,PLATEA BAJA DIAMANTE,196,79
2026-08-04 13:49,MOVISTAR ARENA - SANTIAGO CENTRO,La Combo Tortuga - 15 aniversario,2026-11-06,,TT1S1R97,PLATEA BAJA DIAMANTE,189,77
2026-08-04 13:49,MOVISTAR ARENA - SANTIAGO CENTRO,La Combo Tortuga - 15 aniversario,2026-11-06,,TT1S4R-95,PLATEA BAJA DIAMANTE,261,174
2026-08-04 13:49,MOVISTAR ARENA - SANTIAGO CENTRO,La Combo Tortuga - 15 aniversario,2026-11-06,,TT3S3R-92,PLATEA BAJA GOLDEN,235,167
2026-08-04 13:49,MOVISTAR ARENA - SANTIAGO CENTRO,La Combo Tortuga - 15 aniversario,2026-11-06,,TT3S2R-90,PLATEA BAJA GOLDEN,235,147
2026-08-04 13:49,MOVISTAR ARENA - SANTIAGO CENTRO,La Combo Tortuga - 15 aniversario,2026-11-06,,TT4S4R-75,PLATEA BAJA SILVER,257,160
2026-08-04 13:49,MOVISTAR ARENA - SANTIAGO CENTRO,La Combo Tortuga - 15 aniversario,2026-11-06,,TT4S3R-46,PLATEA BAJA SILVER,294,165
2026-08-04 13:49,MOVISTAR ARENA - SANTIAGO CENTRO,La Combo Tortuga - 15 aniversario,2026-11-06,,TT4S2R46,PLATEA BAJA SILVER,302,187
2026-08-04 13:49,MOVISTAR ARENA - SANTIAGO CENTRO,La Combo Tortuga - 15 aniversario,2026-11-06,,TT4S1R75,PLATEA BAJA SILVER,256,164
2026-08-04 13:49,MOVISTAR ARENA - SANTIAGO CENTRO,La Combo Tortuga - 15 aniversario,2026-11-06,,TT3S1R90,PLATEA BAJA GOLDEN,468,310
2026-08-04 13:49,MOVISTAR ARENA - SANTIAGO CENTRO,La Combo Tortuga - 15 aniversario,2026-11-06,,TT1S2R92,PLATEA BAJA DIAMANTE,472,320
2026-08-04 13:49,MOVISTAR ARENA - SANTIAGO CENTRO,La Combo Tortuga - 15 aniversario,2026-11-06,,TT5S1R97,PLATEA ALTA,358,189
2026-08-04 13:49,MOVISTAR ARENA - SANTIAGO CENTRO,La Combo Tortuga - 15 aniversario,2026-11-06,,TT5S2R92,PLATEA ALTA,474,238
2026-08-04 13:49,MOVISTAR ARENA - SANTIAGO CENTRO,La Combo Tortuga - 15 aniversario,2026-11-06,,TT5S3R90,PLATEA ALTA,417,197
2026-08-04 13:49,MOVISTAR ARENA - SANTIAGO CENTRO,La Combo Tortuga - 15 aniversario,2026-11-06,,TT1S3R-92,PLATEA BAJA DIAMANTE,157,86
2026-08-04 13:50,MOVISTAR ARENA - SANTIAGO CENTRO,Dimash Qudaibergen - World Tour: Dimensions,2026-11-24,,TT10S14R-97,PLATEA ALTA,358,318
2026-08-04 13:50,MOVISTAR ARENA - SANTIAGO CENTRO,Dimash Qudaibergen - World Tour: Dimensions,2026-11-24,,TT10S13R-92,PLATEA ALTA,474,422
2026-08-04 13:50,MOVISTAR ARENA - SANTIAGO CENTRO,Dimash Qudaibergen - World Tour: Dimensions,2026-11-24,,TT10S12R-90,PLATEA ALTA,417,322
2026-08-04 13:50,MOVISTAR ARENA - SANTIAGO CENTRO,Dimash Qudaibergen - World Tour: Dimensions,2026-11-24,,TT10S4R75,PLATEA ALTA,366,199
2026-08-04 13:50,MOVISTAR ARENA - SANTIAGO CENTRO,Dimash Qudaibergen - World Tour: Dimensions,2026-11-24,,TT10S11R-75,PLATEA ALTA,363,171
2026-08-04 13:50,MOVISTAR ARENA - SANTIAGO CENTRO,Dimash Qudaibergen - World Tour: Dimensions,2026-11-24,,TT10S10R-46,PLATEA ALTA,257,61
2026-08-04 13:50,MOVISTAR ARENA - SANTIAGO CENTRO,Dimash Qudaibergen - World Tour: Dimensions,2026-11-24,,TT10S5R46,PLATEA ALTA,262,77
2026-08-04 13:50,MOVISTAR ARENA - SANTIAGO CENTRO,Dimash Qudaibergen - World Tour: Dimensions,2026-11-24,,TT10S6R40,PLATEA ALTA,201,55
2026-08-04 13:50,MOVISTAR ARENA - SANTIAGO CENTRO,Dimash Qudaibergen - World Tour: Dimensions,2026-11-24,,TT10S9R-40,PLATEA ALTA,201,58
2026-08-04 13:50,MOVISTAR ARENA - SANTIAGO CENTRO,Dimash Qudaibergen - World Tour: Dimensions,2026-11-24,,TT10S8,PLATEA ALTA,199,132
2026-08-04 13:50,MOVISTAR ARENA - SANTIAGO CENTRO,Dimash Qudaibergen - World Tour: Dimensions,2026-11-24,,TT10S7,PLATEA ALTA,198,134
2026-08-04 13:50,MOVISTAR ARENA - SANTIAGO CENTRO,Dimash Qudaibergen - World Tour: Dimensions,2026-11-24,,TT10S1R97,PLATEA ALTA,358,330
2026-08-04 13:50,MOVISTAR ARENA - SANTIAGO CENTRO,Dimash Qudaibergen - World Tour: Dimensions,2026-11-24,,TT10S2R92,PLATEA ALTA,474,458
2026-08-04 13:50,MOVISTAR ARENA - SANTIAGO CENTRO,Dimash Qudaibergen - World Tour: Dimensions,2026-11-24,,TT10S3R90,PLATEA ALTA,417,357
2026-08-04 13:50,MOVISTAR ARENA - SANTIAGO CENTRO,Dimash Qudaibergen - World Tour: Dimensions,2026-11-24,,TT9S2,GOLDEN,324,274
2026-08-04 13:50,MOVISTAR ARENA - SANTIAGO CENTRO,Dimash Qudaibergen - World Tour: Dimensions,2026-11-24,,TT9S3,GOLDEN,324,274
2026-08-04 13:50,MOVISTAR ARENA - SANTIAGO CENTRO,Dimash Qudaibergen - World Tour: Dimensions,2026-11-24,,TT9S1,GOLDEN,82,52
2026-08-04 13:50,MOVISTAR ARENA - SANTIAGO CENTRO,Dimash Qudaibergen - World Tour: Dimensions,2026-11-24,,TT9S4,GOLDEN,82,50
2026-08-04 13:51,MOVISTAR ARENA - SANTIAGO CENTRO,Def Leppard - Live 2026 - with Special Guest Extreme,2026-11-08,,TT3S7R-97,PLATEA BAJA PREFERENCIAL,196,124
2026-08-04 13:51,MOVISTAR ARENA - SANTIAGO CENTRO,Def Leppard - Live 2026 - with Special Guest Extreme,2026-11-08,,TT3S1R97,PLATEA BAJA PREFERENCIAL,189,132
2026-08-04 13:51,MOVISTAR ARENA - SANTIAGO CENTRO,Def Leppard - Live 2026 - with Special Guest Extreme,2026-11-08,,TT3S6R-95,PLATEA BAJA PREFERENCIAL,261,189
2026-08-04 13:51,MOVISTAR ARENA - SANTIAGO CENTRO,Def Leppard - Live 2026 - with Special Guest Extreme,2026-11-08,,TT3S5R-90,PLATEA BAJA PREFERENCIAL,392,266
2026-08-04 13:51,MOVISTAR ARENA - SANTIAGO CENTRO,Def Leppard - Live 2026 - with Special Guest Extreme,2026-11-08,,TT3S4R-90,PLATEA BAJA PREFERENCIAL,235,59
2026-08-04 13:51,MOVISTAR ARENA - SANTIAGO CENTRO,Def Leppard - Live 2026 - with Special Guest Extreme,2026-11-08,,TT4S4R-75,PLATEA BAJA,257,125
2026-08-04 13:51,MOVISTAR ARENA - SANTIAGO CENTRO,Def Leppard - Live 2026 - with Special Guest Extreme,2026-11-08,,TT4S3R-46,PLATEA BAJA,294,134
2026-08-04 13:51,MOVISTAR ARENA - SANTIAGO CENTRO,Def Leppard - Live 2026 - with Special Guest Extreme,2026-11-08,,TT4S2R46,PLATEA BAJA,302,135
2026-08-04 13:51,MOVISTAR ARENA - SANTIAGO CENTRO,Def Leppard - Live 2026 - with Special Guest Extreme,2026-11-08,,TT4S1R75,PLATEA BAJA,256,141
2026-08-04 13:51,MOVISTAR ARENA - SANTIAGO CENTRO,Def Leppard - Live 2026 - with Special Guest Extreme,2026-11-08,,TT3S3R90,PLATEA BAJA PREFERENCIAL,468,183
2026-08-04 13:51,MOVISTAR ARENA - SANTIAGO CENTRO,Def Leppard - Live 2026 - with Special Guest Extreme,2026-11-08,,TT3S2R92,PLATEA BAJA PREFERENCIAL,472,369
2026-08-04 13:51,MOVISTAR ARENA - SANTIAGO CENTRO,Def Leppard - Live 2026 - with Special Guest Extreme,2026-11-08,,TT5S3R90,PLATEA ALTA,417,290
2026-08-04 13:51,MOVISTAR ARENA - SANTIAGO CENTRO,Def Leppard - Live 2026 - with Special Guest Extreme,2026-11-08,,TT5S2R92,PLATEA ALTA,474,340
2026-08-04 13:51,MOVISTAR ARENA - SANTIAGO CENTRO,Def Leppard - Live 2026 - with Special Guest Extreme,2026-11-08,,TT5S1R97,PLATEA ALTA,358,153
2026-08-04 13:51,MOVISTAR ARENA - SANTIAGO CENTRO,Def Leppard - Live 2026 - with Special Guest Extreme,2026-11-08,,TT5S7,PLATEA ALTA,198,92
2026-08-04 13:51,MOVISTAR ARENA - SANTIAGO CENTRO,Def Leppard - Live 2026 - with Special Guest Extreme,2026-11-08,,TT5S8,PLATEA ALTA,199,100
2026-08-04 13:51,MOVISTAR ARENA - SANTIAGO CENTRO,Def Leppard - Live 2026 - with Special Guest Extreme,2026-11-08,,TT5S9R-40,PLATEA ALTA,201,43
2026-08-04 13:51,MOVISTAR ARENA - SANTIAGO CENTRO,Def Leppard - Live 2026 - with Special Guest Extreme,2026-11-08,,TT5S6R40,PLATEA ALTA,201,62
2026-08-04 13:51,MOVISTAR ARENA - SANTIAGO CENTRO,Def Leppard - Live 2026 - with Special Guest Extreme,2026-11-08,,TT5S5R46,PLATEA ALTA,262,79
2026-08-04 13:51,MOVISTAR ARENA - SANTIAGO CENTRO,Def Leppard - Live 2026 - with Special Guest Extreme,2026-11-08,,TT5S10R-46,PLATEA ALTA,257,60
2026-08-04 13:51,MOVISTAR ARENA - SANTIAGO CENTRO,Def Leppard - Live 2026 - with Special Guest Extreme,2026-11-08,,TT5S11R-75,PLATEA ALTA,363,140
2026-08-04 13:51,MOVISTAR ARENA - SANTIAGO CENTRO,Def Leppard - Live 2026 - with Special Guest Extreme,2026-11-08,,TT5S4R75,PLATEA ALTA,366,193
2026-08-04 13:51,MOVISTAR ARENA - SANTIAGO CENTRO,Def Leppard - Live 2026 - with Special Guest Extreme,2026-11-08,,TT5S12R-90,PLATEA ALTA,417,331
2026-08-04 13:51,MOVISTAR ARENA - SANTIAGO CENTRO,Def Leppard - Live 2026 - with Special Guest Extreme,2026-11-08,,TT5S13R-92,PLATEA ALTA,474,330
2026-08-04 13:51,MOVISTAR ARENA - SANTIAGO CENTRO,Def Leppard - Live 2026 - with Special Guest Extreme,2026-11-08,,TT5S14R-97,PLATEA ALTA,358,155
2026-08-04 13:51,MOVISTAR ARENA - SANTIAGO CENTRO,Deep Purple,2026-12-08,,TT2S8R-90,PLATEA BAJA,235,234
2026-08-04 13:51,MOVISTAR ARENA - SANTIAGO CENTRO,Deep Purple,2026-12-08,,TT2S7R-90,PLATEA BAJA,257,200
2026-08-04 13:51,MOVISTAR ARENA - SANTIAGO CENTRO,Deep Purple,2026-12-08,,TT2S6R-90,PLATEA BAJA,294,177
2026-08-04 13:51,MOVISTAR ARENA - SANTIAGO CENTRO,Deep Purple,2026-12-08,,TT2S5R90,PLATEA BAJA,302,153
2026-08-04 13:51,MOVISTAR ARENA - SANTIAGO CENTRO,Deep Purple,2026-12-08,,TT2S4R90,PLATEA BAJA,256,190
2026-08-04 13:52,MOVISTAR ARENA - SANTIAGO CENTRO,GREEICY,2026-08-11,,TT2S5R-97,PLATEA BAJA DIAMANTE,196,187
2026-08-04 13:52,MOVISTAR ARENA - SANTIAGO CENTRO,GREEICY,2026-08-11,,TT2S1R97,PLATEA BAJA DIAMANTE,189,183
2026-08-04 13:52,MOVISTAR ARENA - SANTIAGO CENTRO,GREEICY,2026-08-11,,TT2S4R-95,PLATEA BAJA DIAMANTE,261,237
2026-08-04 13:52,MOVISTAR ARENA - SANTIAGO CENTRO,GREEICY,2026-08-11,,TT4S3R-46,PLATEA BAJA SILVER,294,91
2026-08-04 13:52,MOVISTAR ARENA - SANTIAGO CENTRO,GREEICY,2026-08-11,,TT4S2R46,PLATEA BAJA SILVER,302,93
2026-08-04 13:52,MOVISTAR ARENA - SANTIAGO CENTRO,GREEICY,2026-08-11,,TT2S2R92,PLATEA BAJA DIAMANTE,472,430
2026-08-04 13:52,MOVISTAR ARENA - SANTIAGO CENTRO,GREEICY,2026-08-11,,TT3S2R-90,PLATEA BAJA GOLDEN,235,134
2026-08-04 13:52,MOVISTAR ARENA - SANTIAGO CENTRO,GREEICY,2026-08-11,,TT4S4R-75,PLATEA BAJA SILVER,257,152
2026-08-04 13:52,MOVISTAR ARENA - SANTIAGO CENTRO,GREEICY,2026-08-11,,TT4S1R75,PLATEA BAJA SILVER,256,143
2026-08-04 13:52,MOVISTAR ARENA - SANTIAGO CENTRO,GREEICY,2026-08-11,,TT3S1R90,PLATEA BAJA GOLDEN,468,305
2026-08-04 13:52,MOVISTAR ARENA - SANTIAGO CENTRO,GREEICY,2026-08-11,,TT2S3R-90,PLATEA BAJA DIAMANTE,157,121
2026-08-04 13:52,MOVISTAR ARENA - SANTIAGO CENTRO,GREEICY,2026-08-11,,TT3S3R-90,PLATEA BAJA GOLDEN,235,165
2026-08-04 13:52,MOVISTAR ARENA - SANTIAGO CENTRO,GREEICY,2026-08-11,,TT2S5R-97,PLATEA BAJA DIAMANTE,196,187
2026-08-04 13:52,MOVISTAR ARENA - SANTIAGO CENTRO,GREEICY,2026-08-11,,TT2S1R97,PLATEA BAJA DIAMANTE,189,183
2026-08-04 13:52,MOVISTAR ARENA - SANTIAGO CENTRO,GREEICY,2026-08-11,,TT2S4R-95,PLATEA BAJA DIAMANTE,261,237
2026-08-04 13:52,MOVISTAR ARENA - SANTIAGO CENTRO,GREEICY,2026-08-11,,TT4S3R-46,PLATEA BAJA SILVER,294,91
2026-08-04 13:52,MOVISTAR ARENA - SANTIAGO CENTRO,GREEICY,2026-08-11,,TT4S2R46,PLATEA BAJA SILVER,302,93
2026-08-04 13:52,MOVISTAR ARENA - SANTIAGO CENTRO,GREEICY,2026-08-11,,TT2S2R92,PLATEA BAJA DIAMANTE,472,430
2026-08-04 13:52,MOVISTAR ARENA - SANTIAGO CENTRO,GREEICY,2026-08-11,,TT3S2R-90,PLATEA BAJA GOLDEN,235,134
2026-08-04 13:52,MOVISTAR ARENA - SANTIAGO CENTRO,GREEICY,2026-08-11,,TT4S4R-75,PLATEA BAJA SILVER,257,152
2026-08-04 13:52,MOVISTAR ARENA - SANTIAGO CENTRO,GREEICY,2026-08-11,,TT4S1R75,PLATEA BAJA SILVER,256,143
2026-08-04 13:52,MOVISTAR ARENA - SANTIAGO CENTRO,GREEICY,2026-08-11,,TT3S1R90,PLATEA BAJA GOLDEN,468,305
2026-08-04 13:52,MOVISTAR ARENA - SANTIAGO CENTRO,GREEICY,2026-08-11,,TT2S3R-90,PLATEA BAJA DIAMANTE,157,121
2026-08-04 13:52,MOVISTAR ARENA - SANTIAGO CENTRO,GREEICY,2026-08-11,,TT3S3R-90,PLATEA BAJA GOLDEN,235,165
2026-08-04 13:53,MOVISTAR ARENA - SANTIAGO CENTRO,Ronnie Wood,2026-11-10,,TT11S8R-97,PLATEA ALTA GOLDEN,362,
2026-08-04 13:53,MOVISTAR ARENA - SANTIAGO CENTRO,Ronnie Wood,2026-11-10,,TT11S7R-92,PLATEA ALTA GOLDEN,474,84
2026-08-04 13:53,MOVISTAR ARENA - SANTIAGO CENTRO,Ronnie Wood,2026-11-10,,TT11S6R-90,PLATEA ALTA GOLDEN,417,13
2026-08-04 13:53,MOVISTAR ARENA - SANTIAGO CENTRO,Ronnie Wood,2026-11-10,,TT11S4R75,PLATEA ALTA GOLDEN,366,7
2026-08-04 13:53,MOVISTAR ARENA - SANTIAGO CENTRO,Ronnie Wood,2026-11-10,,TT11S5R-75,PLATEA ALTA GOLDEN,363,
2026-08-04 13:53,MOVISTAR ARENA - SANTIAGO CENTRO,Ronnie Wood,2026-11-10,,TT12S1R46,PLATEA ALTA SILVER,257,15
2026-08-04 13:53,MOVISTAR ARENA - SANTIAGO CENTRO,Ronnie Wood,2026-11-10,,TT12S2R40,PLATEA ALTA SILVER,201,
2026-08-04 13:53,MOVISTAR ARENA - SANTIAGO CENTRO,Ronnie Wood,2026-11-10,,TT12S5R-40,PLATEA ALTA SILVER,201,2
2026-08-04 13:53,MOVISTAR ARENA - SANTIAGO CENTRO,Ronnie Wood,2026-11-10,,TT12S4,PLATEA ALTA SILVER,199,19
2026-08-04 13:53,MOVISTAR ARENA - SANTIAGO CENTRO,Ronnie Wood,2026-11-10,,TT12S3,PLATEA ALTA SILVER,198,3
2026-08-04 13:53,MOVISTAR ARENA - SANTIAGO CENTRO,Ronnie Wood,2026-11-10,,TT11S1R97,PLATEA ALTA GOLDEN,362,7
2026-08-04 13:53,MOVISTAR ARENA - SANTIAGO CENTRO,Ronnie Wood,2026-11-10,,TT11S2R92,PLATEA ALTA GOLDEN,474,29
2026-08-04 13:53,MOVISTAR ARENA - SANTIAGO CENTRO,Ronnie Wood,2026-11-10,,TT11S3R90,PLATEA ALTA GOLDEN,417,17
2026-08-04 13:53,MOVISTAR ARENA - SANTIAGO CENTRO,Ronnie Wood,2026-11-10,,TT13S1R-40,TRIBUNA,80,29
2026-08-04 13:53,MOVISTAR ARENA - SANTIAGO CENTRO,Ronnie Wood,2026-11-10,,TT13S2R-20,TRIBUNA,80,15
2026-08-04 13:53,MOVISTAR ARENA - SANTIAGO CENTRO,Ronnie Wood,2026-11-10,,TT2S5R-97,PLATEA BAJA DIAMANTE - VP,49,
2026-08-04 13:53,MOVISTAR ARENA - SANTIAGO CENTRO,Ronnie Wood,2026-11-10,,TT1S5R-97,PLATEA BAJA DIAMANTE,147,4
2026-08-04 13:53,MOVISTAR ARENA - SANTIAGO CENTRO,Ronnie Wood,2026-11-10,,TT1S4R-90,PLATEA BAJA DIAMANTE,218,12
2026-08-04 13:53,MOVISTAR ARENA - SANTIAGO CENTRO,Ronnie Wood,2026-11-10,,TT2S4R-90,PLATEA BAJA DIAMANTE - VP,43,
2026-08-04 13:53,MOVISTAR ARENA - SANTIAGO CENTRO,Ronnie Wood,2026-11-10,,TT7S3R-46,PLATEA BAJA SILVER - VP,72,
2026-08-04 13:53,MOVISTAR ARENA - SANTIAGO CENTRO,Ronnie Wood,2026-11-10,,TT6S3R-46,PLATEA BAJA SILVER,222,
2026-08-04 13:53,MOVISTAR ARENA - SANTIAGO CENTRO,Ronnie Wood,2026-11-10,,TT5S2R-90,PLATEA BAJA GOLDEN - VP,40,
2026-08-04 13:53,MOVISTAR ARENA - SANTIAGO CENTRO,Ronnie Wood,2026-11-10,,TT4S2R-90,PLATEA BAJA GOLDEN,195,50
2026-08-04 13:53,MOVISTAR ARENA - SANTIAGO CENTRO,Ronnie Wood,2026-11-10,,TT6S4R-75,PLATEA BAJA SILVER,204,6
2026-08-04 13:53,MOVISTAR ARENA - SANTIAGO CENTRO,Ronnie Wood,2026-11-10,,TT7S4R-75,PLATEA BAJA SILVER - VP,53,
2026-08-04 13:53,MOVISTAR ARENA - SANTIAGO CENTRO,Ronnie Wood,2026-11-10,,TT2S3R-92,PLATEA BAJA DIAMANTE - VP,33,
2026-08-04 13:53,MOVISTAR ARENA - SANTIAGO CENTRO,Ronnie Wood,2026-11-10,,TT1S3R-92,PLATEA BAJA DIAMANTE,124,6
2026-08-04 13:54,MOVISTAR ARENA - SANTIAGO CENTRO,Ronnie Wood,2026-11-10,,TT4S3R-90,PLATEA BAJA GOLDEN,176,2
2026-08-04 13:54,MOVISTAR ARENA - SANTIAGO CENTRO,Ronnie Wood,2026-11-10,,TT5S3R-90,PLATEA BAJA GOLDEN - VP,59,
2026-08-04 13:54,MOVISTAR ARENA - SANTIAGO CENTRO,Ronnie Wood,2026-11-10,,TT1S1R97,PLATEA BAJA DIAMANTE,140,2
2026-08-04 13:54,MOVISTAR ARENA - SANTIAGO CENTRO,Ronnie Wood,2026-11-10,,TT2S1R97,PLATEA BAJA DIAMANTE - VP,49,
2026-08-04 13:54,MOVISTAR ARENA - SANTIAGO CENTRO,Ronnie Wood,2026-11-10,,TT6S2R46,PLATEA BAJA SILVER,229,50
2026-08-04 13:54,MOVISTAR ARENA - SANTIAGO CENTRO,Ronnie Wood,2026-11-10,,TT7S2R46,PLATEA BAJA SILVER - VP,73,
2026-08-04 13:54,MOVISTAR ARENA - SANTIAGO CENTRO,Ronnie Wood,2026-11-10,,TT1S2R92,PLATEA BAJA DIAMANTE,393,80
2026-08-04 13:54,MOVISTAR ARENA - SANTIAGO CENTRO,Ronnie Wood,2026-11-10,,TT2S2R92,PLATEA BAJA DIAMANTE - VP,79,
2026-08-04 13:54,MOVISTAR ARENA - SANTIAGO CENTRO,Ronnie Wood,2026-11-10,,TT7S1R75,PLATEA BAJA SILVER - VP,53,
2026-08-04 13:54,MOVISTAR ARENA - SANTIAGO CENTRO,Ronnie Wood,2026-11-10,,TT6S1R75,PLATEA BAJA SILVER,203,
2026-08-04 13:54,MOVISTAR ARENA - SANTIAGO CENTRO,Ronnie Wood,2026-11-10,,TT4S1R90,PLATEA BAJA GOLDEN,370,17
2026-08-04 13:54,MOVISTAR ARENA - SANTIAGO CENTRO,Ronnie Wood,2026-11-10,,TT5S1R90,PLATEA BAJA GOLDEN - VP,98,
2026-08-04 13:54,MOVISTAR ARENA - SANTIAGO CENTRO,Ruben Blades - Fotografías Tour,2026-08-14,,TT5S5R-97,PLATEA BAJA DIAMANTE,196,181
2026-08-04 13:54,MOVISTAR ARENA - SANTIAGO CENTRO,Ruben Blades - Fotografías Tour,2026-08-14,,TT5S1R97,PLATEA BAJA DIAMANTE,189,160
2026-08-04 13:54,MOVISTAR ARENA - SANTIAGO CENTRO,Ruben Blades - Fotografías Tour,2026-08-14,,TT5S4R-95,PLATEA BAJA DIAMANTE,261,191
2026-08-04 13:54,MOVISTAR ARENA - SANTIAGO CENTRO,Ruben Blades - Fotografías Tour,2026-08-14,,TT7S3R-46,PLATEA BAJA SILVER,294,159
2026-08-04 13:54,MOVISTAR ARENA - SANTIAGO CENTRO,Ruben Blades - Fotografías Tour,2026-08-14,,TT7S2R46,PLATEA BAJA SILVER,302,160
2026-08-04 13:54,MOVISTAR ARENA - SANTIAGO CENTRO,Ruben Blades - Fotografías Tour,2026-08-14,,TT5S2R92,PLATEA BAJA DIAMANTE,472,351
2026-08-04 13:54,MOVISTAR ARENA - SANTIAGO CENTRO,Ruben Blades - Fotografías Tour,2026-08-14,,TT8S8R-97,PLATEA ALTA GOLDEN,358,272
2026-08-04 13:54,MOVISTAR ARENA - SANTIAGO CENTRO,Ruben Blades - Fotografías Tour,2026-08-14,,TT8S7R-92,PLATEA ALTA GOLDEN,474,276
2026-08-04 13:54,MOVISTAR ARENA - SANTIAGO CENTRO,Ruben Blades - Fotografías Tour,2026-08-14,,TT8S6R-90,PLATEA ALTA GOLDEN,417,224
2026-08-04 13:55,MOVISTAR ARENA - SANTIAGO CENTRO,Ruben Blades - Fotografías Tour,2026-08-14,,TT8S4R75,PLATEA ALTA GOLDEN,366,133
2026-08-04 13:55,MOVISTAR ARENA - SANTIAGO CENTRO,Ruben Blades - Fotografías Tour,2026-08-14,,TT8S5R-75,PLATEA ALTA GOLDEN,363,104
2026-08-04 13:55,MOVISTAR ARENA - SANTIAGO CENTRO,Ruben Blades - Fotografías Tour,2026-08-14,,TT9S6R-46,PLATEA ALTA SILVER,257,244
2026-08-04 13:55,MOVISTAR ARENA - SANTIAGO CENTRO,Ruben Blades - Fotografías Tour,2026-08-14,,TT9S1R46,PLATEA ALTA SILVER,262,255
2026-08-04 13:55,MOVISTAR ARENA - SANTIAGO CENTRO,Ruben Blades - Fotografías Tour,2026-08-14,,TT9S2R40,PLATEA ALTA SILVER,201,196
2026-08-04 13:55,MOVISTAR ARENA - SANTIAGO CENTRO,Ruben Blades - Fotografías Tour,2026-08-14,,TT9S5R-40,PLATEA ALTA SILVER,201,194
2026-08-04 13:55,MOVISTAR ARENA - SANTIAGO CENTRO,Ruben Blades - Fotografías Tour,2026-08-14,,TT9S4,PLATEA ALTA SILVER,199,197
2026-08-04 13:55,MOVISTAR ARENA - SANTIAGO CENTRO,Ruben Blades - Fotografías Tour,2026-08-14,,TT9S3,PLATEA ALTA SILVER,198,196
2026-08-04 13:55,MOVISTAR ARENA - SANTIAGO CENTRO,Ruben Blades - Fotografías Tour,2026-08-14,,TT8S1R97,PLATEA ALTA GOLDEN,358,267
2026-08-04 13:55,MOVISTAR ARENA - SANTIAGO CENTRO,Ruben Blades - Fotografías Tour,2026-08-14,,TT8S2R92,PLATEA ALTA GOLDEN,474,338
2026-08-04 13:55,MOVISTAR ARENA - SANTIAGO CENTRO,Ruben Blades - Fotografías Tour,2026-08-14,,TT8S3R90,PLATEA ALTA GOLDEN,417,229
2026-08-04 13:55,MOVISTAR ARENA - SANTIAGO CENTRO,Ruben Blades - Fotografías Tour,2026-08-14,,TT6S2R-90,PLATEA BAJA GOLDEN,235,162
2026-08-04 13:55,MOVISTAR ARENA - SANTIAGO CENTRO,Ruben Blades - Fotografías Tour,2026-08-14,,TT7S4R-75,PLATEA BAJA SILVER,257,193
2026-08-04 13:55,MOVISTAR ARENA - SANTIAGO CENTRO,Ruben Blades - Fotografías Tour,2026-08-14,,TT7S1R75,PLATEA BAJA SILVER,256,190
2026-08-04 13:55,MOVISTAR ARENA - SANTIAGO CENTRO,Ruben Blades - Fotografías Tour,2026-08-14,,TT6S1R90,PLATEA BAJA GOLDEN,468,422
2026-08-04 13:55,MOVISTAR ARENA - SANTIAGO CENTRO,Ruben Blades - Fotografías Tour,2026-08-14,,TT5S3R-90,PLATEA BAJA DIAMANTE,157,94
2026-08-04 13:55,MOVISTAR ARENA - SANTIAGO CENTRO,Ruben Blades - Fotografías Tour,2026-08-14,,TT6S3R-90,PLATEA BAJA GOLDEN,235,195
2026-08-04 13:55,MOVISTAR ARENA - SANTIAGO CENTRO,Ruben Blades - Fotografías Tour,2026-08-14,,TT2S2,PLATINUM,288,280
2026-08-04 13:55,MOVISTAR ARENA - SANTIAGO CENTRO,Ruben Blades - Fotografías Tour,2026-08-14,,TT2S4,PLATINUM,288,278
2026-08-04 13:55,MOVISTAR ARENA - SANTIAGO CENTRO,Ruben Blades - Fotografías Tour,2026-08-14,,TT3S2,GOLDEN,270,243
2026-08-04 13:55,MOVISTAR ARENA - SANTIAGO CENTRO,Ruben Blades - Fotografías Tour,2026-08-14,,TT3S3,GOLDEN,270,267
2026-08-04 13:55,MOVISTAR ARENA - SANTIAGO CENTRO,Ruben Blades - Fotografías Tour,2026-08-14,,TT3S4,GOLDEN,270,225
2026-08-04 13:55,MOVISTAR ARENA - SANTIAGO CENTRO,Ruben Blades - Fotografías Tour,2026-08-14,,TT2S5,PLATINUM,96,83
2026-08-04 13:55,MOVISTAR ARENA - SANTIAGO CENTRO,Ruben Blades - Fotografías Tour,2026-08-14,,TT2S1,PLATINUM,90,86
2026-08-04 13:55,MOVISTAR ARENA - SANTIAGO CENTRO,Ruben Blades - Fotografías Tour,2026-08-14,,TT4S2,SILVER,324,285
2026-08-04 13:55,MOVISTAR ARENA - SANTIAGO CENTRO,Ruben Blades - Fotografías Tour,2026-08-14,,TT4S3,SILVER,324,268
2026-08-04 13:55,MOVISTAR ARENA - SANTIAGO CENTRO,Ruben Blades - Fotografías Tour,2026-08-14,,TT4S1,SILVER,82,67
2026-08-04 13:55,MOVISTAR ARENA - SANTIAGO CENTRO,Ruben Blades - Fotografías Tour,2026-08-14,,TT4S4,SILVER,82,63
2026-08-04 13:55,MOVISTAR ARENA - SANTIAGO CENTRO,Ruben Blades - Fotografías Tour,2026-08-14,,TT3S1,GOLDEN,72,46
2026-08-04 13:55,MOVISTAR ARENA - SANTIAGO CENTRO,Ruben Blades - Fotografías Tour,2026-08-14,,TT3S5,GOLDEN,54,52
2026-08-04 13:55,ESTADIO BICENTENARIO DE LA FLORIDA,Gondwana y Quique Neira - REUNION EN VIVO,2026-09-05,,TT2S3,PACÍFICO SUR,234,108
2026-08-04 13:55,ESTADIO BICENTENARIO DE LA FLORIDA,Gondwana y Quique Neira - REUNION EN VIVO,2026-09-05,,TT2S2,PACÍFICO SUR,192,184
2026-08-04 13:55,ESTADIO BICENTENARIO DE LA FLORIDA,Gondwana y Quique Neira - REUNION EN VIVO,2026-09-05,,TT2S1,PACÍFICO SUR,209,207
2026-08-04 13:55,MOVISTAR ARENA - SANTIAGO CENTRO,Morat,2026-09-16,,TT6S5R-97,PLATEA BAJA DIAMANTE,196,55
2026-08-04 13:55,MOVISTAR ARENA - SANTIAGO CENTRO,Morat,2026-09-16,,TT6S1R97,PLATEA BAJA DIAMANTE,189,59
2026-08-04 13:55,MOVISTAR ARENA - SANTIAGO CENTRO,Morat,2026-09-16,,TT6S4R-95,PLATEA BAJA DIAMANTE,261,202
2026-08-04 13:55,MOVISTAR ARENA - SANTIAGO CENTRO,Morat,2026-09-16,,TT6S3R-90,PLATEA BAJA DIAMANTE,157,125
2026-08-04 13:55,MOVISTAR ARENA - SANTIAGO CENTRO,Morat,2026-09-16,,TT7S3R-90,PLATEA BAJA GOLDEN,235,217
2026-08-04 13:55,MOVISTAR ARENA - SANTIAGO CENTRO,Morat,2026-09-16,,TT7S2R-90,PLATEA BAJA GOLDEN,235,162
2026-08-04 13:55,MOVISTAR ARENA - SANTIAGO CENTRO,Morat,2026-09-16,,TT8S4R-75,PLATEA BAJA SILVER,257,222
2026-08-04 13:55,MOVISTAR ARENA - SANTIAGO CENTRO,Morat,2026-09-16,,TT8S3R-46,PLATEA BAJA SILVER,294,171
2026-08-04 13:55,MOVISTAR ARENA - SANTIAGO CENTRO,Morat,2026-09-16,,TT8S2R46,PLATEA BAJA SILVER,302,194
2026-08-04 13:55,MOVISTAR ARENA - SANTIAGO CENTRO,Morat,2026-09-16,,TT8S1R75,PLATEA BAJA SILVER,256,210
2026-08-04 13:55,MOVISTAR ARENA - SANTIAGO CENTRO,Morat,2026-09-16,,TT7S1R90,PLATEA BAJA GOLDEN,468,353
2026-08-04 13:55,MOVISTAR ARENA - SANTIAGO CENTRO,Morat,2026-09-16,,TT6S2R92,PLATEA BAJA DIAMANTE,472,403
2026-08-04 13:55,MOVISTAR ARENA - SANTIAGO CENTRO,Morat,2026-09-16,,TT2S1,DIAMANTE,234,228
2026-08-04 13:55,MOVISTAR ARENA - SANTIAGO CENTRO,Morat,2026-09-16,,TT2S3,DIAMANTE,288,197
2026-08-04 13:55,MOVISTAR ARENA - SANTIAGO CENTRO,Morat,2026-09-16,,TT1S2,PRIMERAS FILAS,271,243
2026-08-04 13:55,MOVISTAR ARENA - SANTIAGO CENTRO,Morat,2026-09-16,,TT4S4,PLATINUM,306,291
2026-08-04 13:56,MOVISTAR ARENA - SANTIAGO CENTRO,Morat,2026-09-16,,TT3S2,DIAMANTE LATERAL,77,17
2026-08-04 13:56,MOVISTAR ARENA - SANTIAGO CENTRO,Morat,2026-09-16,,TT4S5,PLATINUM,63,36
2026-08-04 13:56,MOVISTAR ARENA - SANTIAGO CENTRO,Morat,2026-09-16,,TT3S1,DIAMANTE LATERAL,98,47
2026-08-04 13:56,MOVISTAR ARENA - SANTIAGO CENTRO,Morat,2026-09-16,,TT4S1,PLATINUM,56,35
2026-08-04 13:56,MOVISTAR ARENA - SANTIAGO CENTRO,Morat,2026-09-16,,TT1S1,PRIMERAS FILAS,116,88
2026-08-04 13:56,MOVISTAR ARENA - SANTIAGO CENTRO,Morat,2026-09-16,,TT1S3,PRIMERAS FILAS,115,92
2026-08-04 13:56,MOVISTAR ARENA - SANTIAGO CENTRO,Morat,2026-09-16,,TT4S3,PLATINUM,180,38
2026-08-04 13:56,MOVISTAR ARENA - SANTIAGO CENTRO,Morat,2026-09-16,,TT5S2,GOLDEN,243,213
2026-08-04 13:56,MOVISTAR ARENA - SANTIAGO CENTRO,Morat,2026-09-16,,TT5S1,GOLDEN,111,69
2026-08-04 13:56,MOVISTAR ARENA - SANTIAGO CENTRO,Morat,2026-09-16,,TT5S3,GOLDEN,243,203
2026-08-04 13:56,MOVISTAR ARENA - SANTIAGO CENTRO,Morat,2026-09-16,,TT5S4,GOLDEN,111,34
2026-08-04 13:56,MOVISTAR ARENA - SANTIAGO CENTRO,Morat,2026-09-16,,TT2S2,DIAMANTE,226,87
2026-08-04 13:56,MOVISTAR ARENA - SANTIAGO CENTRO,Morat,2026-09-16,,TT4S2,PLATINUM,108,75
2026-08-04 13:56,MOVISTAR ARENA - SANTIAGO CENTRO,Ozuna,2026-09-24,,TT10S8R-97,PLATEA ALTA GOLDEN,362,135
2026-08-04 13:56,MOVISTAR ARENA - SANTIAGO CENTRO,Ozuna,2026-09-24,,TT10S7R-92,PLATEA ALTA GOLDEN,474,269
2026-08-04 13:56,MOVISTAR ARENA - SANTIAGO CENTRO,Ozuna,2026-09-24,,TT10S6R-90,PLATEA ALTA GOLDEN,417,152
2026-08-04 13:56,MOVISTAR ARENA - SANTIAGO CENTRO,Ozuna,2026-09-24,,TT10S4R75,PLATEA ALTA GOLDEN,366,105
2026-08-04 13:56,MOVISTAR ARENA - SANTIAGO CENTRO,Ozuna,2026-09-24,,TT10S5R-75,PLATEA ALTA GOLDEN,363,86
2026-08-04 13:56,MOVISTAR ARENA - SANTIAGO CENTRO,Ozuna,2026-09-24,,TT11S6R-46,PLATEA ALTA SILVER,257,240
2026-08-04 13:56,MOVISTAR ARENA - SANTIAGO CENTRO,Ozuna,2026-09-24,,TT11S1R46,PLATEA ALTA SILVER,262,147
2026-08-04 13:56,MOVISTAR ARENA - SANTIAGO CENTRO,Ozuna,2026-09-24,,TT11S2R40,PLATEA ALTA SILVER,201,66
2026-08-04 13:56,MOVISTAR ARENA - SANTIAGO CENTRO,Ozuna,2026-09-24,,TT11S5R-40,PLATEA ALTA SILVER,201,174
2026-08-04 13:56,MOVISTAR ARENA - SANTIAGO CENTRO,Ozuna,2026-09-24,,TT11S4,PLATEA ALTA SILVER,199,182
2026-08-04 13:56,MOVISTAR ARENA - SANTIAGO CENTRO,Ozuna,2026-09-24,,TT11S3,PLATEA ALTA SILVER,198,90
2026-08-04 13:56,MOVISTAR ARENA - SANTIAGO CENTRO,Ozuna,2026-09-24,,TT10S1R97,PLATEA ALTA GOLDEN,362,242
2026-08-04 13:56,MOVISTAR ARENA - SANTIAGO CENTRO,Ozuna,2026-09-24,,TT10S2R92,PLATEA ALTA GOLDEN,474,373
2026-08-04 13:56,MOVISTAR ARENA - SANTIAGO CENTRO,Ozuna,2026-09-24,,TT10S3R90,PLATEA ALTA GOLDEN,417,257
2026-08-04 13:56,MOVISTAR ARENA - SANTIAGO CENTRO,Ozuna,2026-09-24,,TT2S5R-97,PLATEA BAJA DIAMANTE - VP,49,4
2026-08-04 13:56,MOVISTAR ARENA - SANTIAGO CENTRO,Ozuna,2026-09-24,,TT1S5R-97,PLATEA BAJA DIAMANTE,147,73
2026-08-04 13:56,MOVISTAR ARENA - SANTIAGO CENTRO,Ozuna,2026-09-24,,TT1S4R-90,PLATEA BAJA DIAMANTE,218,143
2026-08-04 13:56,MOVISTAR ARENA - SANTIAGO CENTRO,Ozuna,2026-09-24,,TT2S4R-90,PLATEA BAJA DIAMANTE - VP,43,5
2026-08-04 13:56,MOVISTAR ARENA - SANTIAGO CENTRO,Ozuna,2026-09-24,,TT7S3R-46,PLATEA BAJA SILVER - VP,72,6
2026-08-04 13:56,MOVISTAR ARENA - SANTIAGO CENTRO,Ozuna,2026-09-24,,TT6S3R-46,PLATEA BAJA SILVER,222,29
2026-08-04 13:56,MOVISTAR ARENA - SANTIAGO CENTRO,Ozuna,2026-09-24,,TT5S2R-90,PLATEA BAJA GOLDEN - VP,40,
2026-08-04 13:56,MOVISTAR ARENA - SANTIAGO CENTRO,Ozuna,2026-09-24,,TT4S2R-90,PLATEA BAJA GOLDEN,195,37
2026-08-04 13:56,MOVISTAR ARENA - SANTIAGO CENTRO,Ozuna,2026-09-24,,TT6S4R-75,PLATEA BAJA SILVER,204,82
2026-08-04 13:56,MOVISTAR ARENA - SANTIAGO CENTRO,Ozuna,2026-09-24,,TT7S4R-75,PLATEA BAJA SILVER - VP,53,
2026-08-04 13:56,MOVISTAR ARENA - SANTIAGO CENTRO,Ozuna,2026-09-24,,TT2S3R-92,PLATEA BAJA DIAMANTE - VP,33,
2026-08-04 13:56,MOVISTAR ARENA - SANTIAGO CENTRO,Ozuna,2026-09-24,,TT1S3R-92,PLATEA BAJA DIAMANTE,124,45
2026-08-04 13:56,MOVISTAR ARENA - SANTIAGO CENTRO,Ozuna,2026-09-24,,TT4S3R-90,PLATEA BAJA GOLDEN,176,24
2026-08-04 13:56,MOVISTAR ARENA - SANTIAGO CENTRO,Ozuna,2026-09-24,,TT5S3R-90,PLATEA BAJA GOLDEN - VP,59,5
2026-08-04 13:56,MOVISTAR ARENA - SANTIAGO CENTRO,Ozuna,2026-09-24,,TT1S1R97,PLATEA BAJA DIAMANTE,140,47
2026-08-04 13:56,MOVISTAR ARENA - SANTIAGO CENTRO,Ozuna,2026-09-24,,TT2S1R97,PLATEA BAJA DIAMANTE - VP,49,
2026-08-04 13:56,MOVISTAR ARENA - SANTIAGO CENTRO,Ozuna,2026-09-24,,TT6S2R46,PLATEA BAJA SILVER,229,45
2026-08-04 13:56,MOVISTAR ARENA - SANTIAGO CENTRO,Ozuna,2026-09-24,,TT7S2R46,PLATEA BAJA SILVER - VP,73,
2026-08-04 13:56,MOVISTAR ARENA - SANTIAGO CENTRO,Ozuna,2026-09-24,,TT1S2R92,PLATEA BAJA DIAMANTE,393,147
2026-08-04 13:56,MOVISTAR ARENA - SANTIAGO CENTRO,Ozuna,2026-09-24,,TT2S2R92,PLATEA BAJA DIAMANTE - VP,79,2
2026-08-04 13:56,MOVISTAR ARENA - SANTIAGO CENTRO,Ozuna,2026-09-24,,TT7S1R75,PLATEA BAJA SILVER - VP,53,2
2026-08-04 13:56,MOVISTAR ARENA - SANTIAGO CENTRO,Ozuna,2026-09-24,,TT6S1R75,PLATEA BAJA SILVER,203,22
2026-08-04 13:57,MOVISTAR ARENA - SANTIAGO CENTRO,Ozuna,2026-09-24,,TT4S1R90,PLATEA BAJA GOLDEN,370,154
2026-08-04 13:57,MOVISTAR ARENA - SANTIAGO CENTRO,Ozuna,2026-09-24,,TT5S1R90,PLATEA BAJA GOLDEN - VP,98,14
2026-08-04 13:57,MOVISTAR ARENA - SANTIAGO CENTRO,Beele - Borondo: Detone y Abandone Tour,2026-10-07,,TT1S7R-97,PLATEA BAJA GOLDEN,196,164
2026-08-04 13:57,MOVISTAR ARENA - SANTIAGO CENTRO,Beele - Borondo: Detone y Abandone Tour,2026-10-07,,TT1S1R97,PLATEA BAJA GOLDEN,189,170
2026-08-04 13:57,MOVISTAR ARENA - SANTIAGO CENTRO,Beele - Borondo: Detone y Abandone Tour,2026-10-07,,TT1S6R-95,PLATEA BAJA GOLDEN,261,217
2026-08-04 13:57,MOVISTAR ARENA - SANTIAGO CENTRO,Beele - Borondo: Detone y Abandone Tour,2026-10-07,,TT1S5R-90,PLATEA BAJA GOLDEN,392,197
2026-08-04 13:57,MOVISTAR ARENA - SANTIAGO CENTRO,Beele - Borondo: Detone y Abandone Tour,2026-10-07,,TT1S4R-90,PLATEA BAJA GOLDEN,235,81
2026-08-04 13:57,MOVISTAR ARENA - SANTIAGO CENTRO,Beele - Borondo: Detone y Abandone Tour,2026-10-07,,TT3S4R-75,PLATEA BAJA SILVER,257,130
2026-08-04 13:57,MOVISTAR ARENA - SANTIAGO CENTRO,Beele - Borondo: Detone y Abandone Tour,2026-10-07,,TT3S3R-46,PLATEA BAJA SILVER,294,141
2026-08-04 13:57,MOVISTAR ARENA - SANTIAGO CENTRO,Beele - Borondo: Detone y Abandone Tour,2026-10-07,,TT3S2R46,PLATEA BAJA SILVER,302,170
2026-08-04 13:57,MOVISTAR ARENA - SANTIAGO CENTRO,Beele - Borondo: Detone y Abandone Tour,2026-10-07,,TT3S1R75,PLATEA BAJA SILVER,256,137
2026-08-04 13:57,MOVISTAR ARENA - SANTIAGO CENTRO,Beele - Borondo: Detone y Abandone Tour,2026-10-07,,TT1S3R90,PLATEA BAJA GOLDEN,468,173
2026-08-04 13:57,MOVISTAR ARENA - SANTIAGO CENTRO,Beele - Borondo: Detone y Abandone Tour,2026-10-07,,TT1S2R92,PLATEA BAJA GOLDEN,472,355
2026-08-04 13:57,MOVISTAR ARENA - SANTIAGO CENTRO,Beele - Borondo: Detone y Abandone Tour,2026-10-07,,TT5S7,PLATEA ALTA,198,123
2026-08-04 13:57,MOVISTAR ARENA - SANTIAGO CENTRO,Beele - Borondo: Detone y Abandone Tour,2026-10-07,,TT5S8,PLATEA ALTA,199,112
2026-08-04 13:57,MOVISTAR ARENA - SANTIAGO CENTRO,Beele - Borondo: Detone y Abandone Tour,2026-10-07,,TT5S9R-40,PLATEA ALTA,201,152
2026-08-04 13:57,MOVISTAR ARENA - SANTIAGO CENTRO,Beele - Borondo: Detone y Abandone Tour,2026-10-07,,TT5S6R40,PLATEA ALTA,201,150
2026-08-04 13:57,MOVISTAR ARENA - SANTIAGO CENTRO,Beele - Borondo: Detone y Abandone Tour,2026-10-07,,TT5S5R46,PLATEA ALTA,262,255
2026-08-04 13:57,MOVISTAR ARENA - SANTIAGO CENTRO,Beele - Borondo: Detone y Abandone Tour,2026-10-07,,TT5S10R-46,PLATEA ALTA,257,249
2026-08-04 13:57,MOVISTAR ARENA - SANTIAGO CENTRO,Beele - Borondo: Detone y Abandone Tour,2026-10-07,,TT5S11R-75,PLATEA ALTA,363,360
2026-08-04 13:57,MOVISTAR ARENA - SANTIAGO CENTRO,Beele - Borondo: Detone y Abandone Tour,2026-10-07,,TT5S4R75,PLATEA ALTA,366,364
2026-08-04 13:57,MOVISTAR ARENA - SANTIAGO CENTRO,Beele - Borondo: Detone y Abandone Tour,2026-10-07,,TT5S14R-97,PLATEA ALTA,358,357
2026-08-04 13:57,CLARO ARENA - LAS CONDES,Los Fabulosos Cadillacs + Fishbone + Chico Trujillo,2026-10-29,,TT6S1R-90,SERGIO LIVINGSTONE,420,384
2026-08-04 13:57,CLARO ARENA - LAS CONDES,Los Fabulosos Cadillacs + Fishbone + Chico Trujillo,2026-10-29,,TT4S3R90,ALBERTO FOUILLIOUX BAJO,598,594
2026-08-04 13:57,CLARO ARENA - LAS CONDES,Los Fabulosos Cadillacs + Fishbone + Chico Trujillo,2026-10-29,,TT4S2R90,ALBERTO FOUILLIOUX BAJO,598,280
2026-08-04 13:57,CLARO ARENA - LAS CONDES,Los Fabulosos Cadillacs + Fishbone + Chico Trujillo,2026-10-29,,TT4S1R90,ALBERTO FOUILLIOUX BAJO,250,8
2026-08-04 13:57,CLARO ARENA - LAS CONDES,Los Fabulosos Cadillacs + Fishbone + Chico Trujillo,2026-10-29,,TT2S4,MARIO LEPE BAJO,468,167
2026-08-04 13:58,CLARO ARENA - LAS CONDES,Los Fabulosos Cadillacs + Fishbone + Chico Trujillo,2026-10-29,,TT2S3,MARIO LEPE BAJO,468,139
2026-08-04 13:58,CLARO ARENA - LAS CONDES,Los Fabulosos Cadillacs + Fishbone + Chico Trujillo,2026-10-29,,TT2S8,MARIO LEPE BAJO,341,89
2026-08-04 13:58,CLARO ARENA - LAS CONDES,Los Fabulosos Cadillacs + Fishbone + Chico Trujillo,2026-10-29,,TT2S5,MARIO LEPE BAJO,375,28
2026-08-04 13:58,CLARO ARENA - LAS CONDES,Los Fabulosos Cadillacs + Fishbone + Chico Trujillo,2026-10-29,,TT2S7,MARIO LEPE BAJO,423,55
2026-08-04 13:58,CLARO ARENA - LAS CONDES,Los Fabulosos Cadillacs + Fishbone + Chico Trujillo,2026-10-29,,TT2S6,MARIO LEPE BAJO,388,14
2026-08-04 13:58,CLARO ARENA - LAS CONDES,Los Fabulosos Cadillacs + Fishbone + Chico Trujillo,2026-10-29,,TT6S3R-90,SERGIO LIVINGSTONE,357,115
2026-08-04 13:58,CLARO ARENA - LAS CONDES,Los Fabulosos Cadillacs + Fishbone + Chico Trujillo,2026-10-29,,TT6S2R-90,SERGIO LIVINGSTONE,234,206
2026-08-04 13:58,CLARO ARENA - LAS CONDES,Los Fabulosos Cadillacs + Fishbone + Chico Trujillo,2026-10-29,,TT6S4R-90,SERGIO LIVINGSTONE,174,113
2026-08-04 13:58,CLARO ARENA - LAS CONDES,Los Fabulosos Cadillacs + Fishbone + Chico Trujillo,2026-10-29,,TT6S5R-90,SERGIO LIVINGSTONE,330,203
2026-08-04 13:58,CLARO ARENA - LAS CONDES,Los Fabulosos Cadillacs + Fishbone + Chico Trujillo,2026-10-29,,TT5S1R90,ALBERTO FOUILLIOUX ALTO,202,183
2026-08-04 13:58,CLARO ARENA - LAS CONDES,Los Fabulosos Cadillacs + Fishbone + Chico Trujillo,2026-10-29,,TT3S2,MARIO LEPE ALTO,259,
2026-08-04 13:58,CLARO ARENA - LAS CONDES,Los Fabulosos Cadillacs + Fishbone + Chico Trujillo,2026-10-29,,TT3S3,MARIO LEPE ALTO,288,35
2026-08-04 13:58,CLARO ARENA - LAS CONDES,Los Fabulosos Cadillacs + Fishbone + Chico Trujillo,2026-10-29,,TT3S7,MARIO LEPE ALTO,169,
2026-08-04 13:58,CLARO ARENA - LAS CONDES,Los Fabulosos Cadillacs + Fishbone + Chico Trujillo,2026-10-29,,TT3S6,MARIO LEPE ALTO,259,2
2026-08-04 13:58,CLARO ARENA - LAS CONDES,Los Fabulosos Cadillacs + Fishbone + Chico Trujillo,2026-10-29,,TT3S5,MARIO LEPE ALTO,288,17
2026-08-04 13:58,CLARO ARENA - LAS CONDES,Los Fabulosos Cadillacs + Fishbone + Chico Trujillo,2026-10-29,,TT3S1,MARIO LEPE ALTO,169,
2026-08-04 13:58,CLARO ARENA - LAS CONDES,Los Fabulosos Cadillacs + Fishbone + Chico Trujillo,2026-10-29,,TT3S4,MARIO LEPE ALTO,290,109
2026-08-04 13:58,CLARO ARENA - LAS CONDES,Los Fabulosos Cadillacs + Fishbone + Chico Trujillo,2026-10-29,,TT5S3R90,ALBERTO FOUILLIOUX ALTO,175,17
2026-08-04 13:58,CLARO ARENA - LAS CONDES,Los Fabulosos Cadillacs + Fishbone + Chico Trujillo,2026-10-29,,TT5S2R90,ALBERTO FOUILLIOUX ALTO,213,179
2026-08-04 13:58,CLARO ARENA - LAS CONDES,Los Fabulosos Cadillacs + Fishbone + Chico Trujillo,2026-10-29,,TT2S1,MARIO LEPE BAJO,286,14
2026-08-04 13:58,CLARO ARENA - LAS CONDES,Los Fabulosos Cadillacs + Fishbone + Chico Trujillo,2026-10-29,,TT2S2,MARIO LEPE BAJO,345,11
2026-08-04 13:58,MOVISTAR ARENA - SANTIAGO CENTRO,Marco Antonio Solis - Gratitud Tour 2026,2026-11-04,,TT8S5R-97,PLATEA BAJA DIAMANTE,196,181
2026-08-04 13:58,MOVISTAR ARENA - SANTIAGO CENTRO,Marco Antonio Solis - Gratitud Tour 2026,2026-11-04,,TT8S1R97,PLATEA BAJA DIAMANTE,189,173
2026-08-04 13:58,MOVISTAR ARENA - SANTIAGO CENTRO,Marco Antonio Solis - Gratitud Tour 2026,2026-11-04,,TT8S4R-95,PLATEA BAJA DIAMANTE,261,250
2026-08-04 13:58,MOVISTAR ARENA - SANTIAGO CENTRO,Marco Antonio Solis - Gratitud Tour 2026,2026-11-04,,TT10S3R-46,PLATEA BAJA SILVER,294,215
2026-08-04 13:58,MOVISTAR ARENA - SANTIAGO CENTRO,Marco Antonio Solis - Gratitud Tour 2026,2026-11-04,,TT10S2R46,PLATEA BAJA SILVER,302,219
2026-08-04 13:58,MOVISTAR ARENA - SANTIAGO CENTRO,Marco Antonio Solis - Gratitud Tour 2026,2026-11-04,,TT8S2R92,PLATEA BAJA DIAMANTE,472,448
2026-08-04 13:58,MOVISTAR ARENA - SANTIAGO CENTRO,Marco Antonio Solis - Gratitud Tour 2026,2026-11-04,,TT11S8R-97,PLATEA ALTA GOLDEN,358,355
2026-08-04 13:58,MOVISTAR ARENA - SANTIAGO CENTRO,Marco Antonio Solis - Gratitud Tour 2026,2026-11-04,,TT11S7R-92,PLATEA ALTA GOLDEN,474,470
2026-08-04 13:58,MOVISTAR ARENA - SANTIAGO CENTRO,Marco Antonio Solis - Gratitud Tour 2026,2026-11-04,,TT11S6R-90,PLATEA ALTA GOLDEN,417,413
2026-08-04 13:58,MOVISTAR ARENA - SANTIAGO CENTRO,Marco Antonio Solis - Gratitud Tour 2026,2026-11-04,,TT11S4R75,PLATEA ALTA GOLDEN,366,358
2026-08-04 13:58,MOVISTAR ARENA - SANTIAGO CENTRO,Marco Antonio Solis - Gratitud Tour 2026,2026-11-04,,TT11S5R-75,PLATEA ALTA GOLDEN,363,353
2026-08-04 13:58,MOVISTAR ARENA - SANTIAGO CENTRO,Marco Antonio Solis - Gratitud Tour 2026,2026-11-04,,TT11S1R97,PLATEA ALTA GOLDEN,358,355
2026-08-04 13:58,MOVISTAR ARENA - SANTIAGO CENTRO,Marco Antonio Solis - Gratitud Tour 2026,2026-11-04,,TT11S2R92,PLATEA ALTA GOLDEN,474,470
2026-08-04 13:58,MOVISTAR ARENA - SANTIAGO CENTRO,Marco Antonio Solis - Gratitud Tour 2026,2026-11-04,,TT11S3R90,PLATEA ALTA GOLDEN,417,415
2026-08-04 13:58,MOVISTAR ARENA - SANTIAGO CENTRO,Marco Antonio Solis - Gratitud Tour 2026,2026-11-04,,TT9S2R-90,PLATEA BAJA GOLDEN,235,231
2026-08-04 13:58,MOVISTAR ARENA - SANTIAGO CENTRO,Marco Antonio Solis - Gratitud Tour 2026,2026-11-04,,TT10S4R-75,PLATEA BAJA SILVER,257,222
2026-08-04 13:58,MOVISTAR ARENA - SANTIAGO CENTRO,Marco Antonio Solis - Gratitud Tour 2026,2026-11-04,,TT10S1R75,PLATEA BAJA SILVER,256,242
2026-08-04 13:58,MOVISTAR ARENA - SANTIAGO CENTRO,Marco Antonio Solis - Gratitud Tour 2026,2026-11-04,,TT9S1R90,PLATEA BAJA GOLDEN,468,459
2026-08-04 13:58,MOVISTAR ARENA - SANTIAGO CENTRO,Marco Antonio Solis - Gratitud Tour 2026,2026-11-04,,TT8S3R-90,PLATEA BAJA DIAMANTE,157,138
2026-08-04 13:58,MOVISTAR ARENA - SANTIAGO CENTRO,Marco Antonio Solis - Gratitud Tour 2026,2026-11-04,,TT9S3R-90,PLATEA BAJA GOLDEN,235,232
2026-08-04 13:58,MOVISTAR ARENA - SANTIAGO CENTRO,Marco Antonio Solis - Gratitud Tour 2026,2026-11-04,,TT2S1,DIAMANTE,288,55
2026-08-04 13:58,MOVISTAR ARENA - SANTIAGO CENTRO,Marco Antonio Solis - Gratitud Tour 2026,2026-11-04,,TT2S2,DIAMANTE,288,132
2026-08-04 13:58,MOVISTAR ARENA - SANTIAGO CENTRO,Marco Antonio Solis - Gratitud Tour 2026,2026-11-04,,TT2S3,DIAMANTE,288,35
2026-08-04 13:58,MOVISTAR ARENA - SANTIAGO CENTRO,Marco Antonio Solis - Gratitud Tour 2026,2026-11-04,,TT4S1,PLATINUM,270,51
2026-08-04 13:58,MOVISTAR ARENA - SANTIAGO CENTRO,Marco Antonio Solis - Gratitud Tour 2026,2026-11-04,,TT4S2,PLATINUM,270,136
2026-08-04 13:58,MOVISTAR ARENA - SANTIAGO CENTRO,Marco Antonio Solis - Gratitud Tour 2026,2026-11-04,,TT4S3,PLATINUM,270,55
2026-08-04 13:58,MOVISTAR ARENA - SANTIAGO CENTRO,Marco Antonio Solis - Gratitud Tour 2026,2026-11-04,,TT5S1,PLATINUM LATERAL,72,65
2026-08-04 13:58,MOVISTAR ARENA - SANTIAGO CENTRO,Marco Antonio Solis - Gratitud Tour 2026,2026-11-04,,TT3S1,DIAMANTE LATERAL,90,56
2026-08-04 13:58,MOVISTAR ARENA - SANTIAGO CENTRO,Marco Antonio Solis - Gratitud Tour 2026,2026-11-04,,TT3S2,DIAMANTE LATERAL,96,55
2026-08-04 13:58,MOVISTAR ARENA - SANTIAGO CENTRO,Marco Antonio Solis - Gratitud Tour 2026,2026-11-04,,TT6S1,GOLDEN,324,176
2026-08-04 13:58,MOVISTAR ARENA - SANTIAGO CENTRO,Marco Antonio Solis - Gratitud Tour 2026,2026-11-04,,TT6S2,GOLDEN,324,173
2026-08-04 13:58,MOVISTAR ARENA - SANTIAGO CENTRO,Marco Antonio Solis - Gratitud Tour 2026,2026-11-04,,TT5S2,PLATINUM LATERAL,54,52
2026-08-04 13:58,MOVISTAR ARENA - SANTIAGO CENTRO,Marco Antonio Solis - Gratitud Tour 2026,2026-11-04,,TT1S3,PRIMERAS FILAS,168,166
2026-08-04 13:59,MOVISTAR ARENA - SANTIAGO CENTRO,Los Tres - Unplugged 30 años,2026-11-14,,TT5S7R-97,PLATEA BAJA PREFERENCIAL,196,189
2026-08-04 13:59,MOVISTAR ARENA - SANTIAGO CENTRO,Los Tres - Unplugged 30 años,2026-11-14,,TT5S1R97,PLATEA BAJA PREFERENCIAL,189,155
2026-08-04 13:59,MOVISTAR ARENA - SANTIAGO CENTRO,Los Tres - Unplugged 30 años,2026-11-14,,TT5S6R-95,PLATEA BAJA PREFERENCIAL,261,258
2026-08-04 13:59,MOVISTAR ARENA - SANTIAGO CENTRO,Los Tres - Unplugged 30 años,2026-11-14,,TT5S5R-90,PLATEA BAJA PREFERENCIAL,392,387
2026-08-04 13:59,MOVISTAR ARENA - SANTIAGO CENTRO,Los Tres - Unplugged 30 años,2026-11-14,,TT5S4R-90,PLATEA BAJA PREFERENCIAL,235,207
2026-08-04 13:59,MOVISTAR ARENA - SANTIAGO CENTRO,Los Tres - Unplugged 30 años,2026-11-14,,TT6S4R-75,PLATEA BAJA,257,215
2026-08-04 13:59,MOVISTAR ARENA - SANTIAGO CENTRO,Los Tres - Unplugged 30 años,2026-11-14,,TT6S3R-46,PLATEA BAJA,294,193
2026-08-04 13:59,MOVISTAR ARENA - SANTIAGO CENTRO,Los Tres - Unplugged 30 años,2026-11-14,,TT6S2R46,PLATEA BAJA,302,205
2026-08-04 13:59,MOVISTAR ARENA - SANTIAGO CENTRO,Los Tres - Unplugged 30 años,2026-11-14,,TT6S1R75,PLATEA BAJA,256,211
2026-08-04 13:59,MOVISTAR ARENA - SANTIAGO CENTRO,Los Tres - Unplugged 30 años,2026-11-14,,TT5S3R90,PLATEA BAJA PREFERENCIAL,468,457
2026-08-04 13:59,MOVISTAR ARENA - SANTIAGO CENTRO,Los Tres - Unplugged 30 años,2026-11-14,,TT5S2R92,PLATEA BAJA PREFERENCIAL,472,471
2026-08-04 13:59,MOVISTAR ARENA - SANTIAGO CENTRO,Los Tres - Unplugged 30 años,2026-11-14,,TT7S3R90,PLATEA ALTA,417,411
2026-08-04 13:59,MOVISTAR ARENA - SANTIAGO CENTRO,Los Tres - Unplugged 30 años,2026-11-14,,TT7S2R92,PLATEA ALTA,474,461
2026-08-04 13:59,MOVISTAR ARENA - SANTIAGO CENTRO,Los Tres - Unplugged 30 años,2026-11-14,,TT7S1R97,PLATEA ALTA,358,233
2026-08-04 13:59,MOVISTAR ARENA - SANTIAGO CENTRO,Los Tres - Unplugged 30 años,2026-11-14,,TT7S7,PLATEA ALTA,198,181
2026-08-04 13:59,MOVISTAR ARENA - SANTIAGO CENTRO,Los Tres - Unplugged 30 años,2026-11-14,,TT7S8,PLATEA ALTA,199,176
2026-08-04 13:59,MOVISTAR ARENA - SANTIAGO CENTRO,Los Tres - Unplugged 30 años,2026-11-14,,TT7S9R-40,PLATEA ALTA,201,106
2026-08-04 13:59,MOVISTAR ARENA - SANTIAGO CENTRO,Los Tres - Unplugged 30 años,2026-11-14,,TT7S6R40,PLATEA ALTA,201,117
2026-08-04 13:59,MOVISTAR ARENA - SANTIAGO CENTRO,Los Tres - Unplugged 30 años,2026-11-14,,TT7S5R46,PLATEA ALTA,262,162
2026-08-04 13:59,MOVISTAR ARENA - SANTIAGO CENTRO,Los Tres - Unplugged 30 años,2026-11-14,,TT7S10R-46,PLATEA ALTA,257,164
2026-08-04 13:59,MOVISTAR ARENA - SANTIAGO CENTRO,Los Tres - Unplugged 30 años,2026-11-14,,TT7S11R-75,PLATEA ALTA,363,322
2026-08-04 13:59,MOVISTAR ARENA - SANTIAGO CENTRO,Los Tres - Unplugged 30 años,2026-11-14,,TT7S4R75,PLATEA ALTA,366,342
2026-08-04 13:59,MOVISTAR ARENA - SANTIAGO CENTRO,Los Tres - Unplugged 30 años,2026-11-14,,TT7S12R-90,PLATEA ALTA,417,400
2026-08-04 13:59,MOVISTAR ARENA - SANTIAGO CENTRO,Los Tres - Unplugged 30 años,2026-11-14,,TT7S13R-92,PLATEA ALTA,474,444
2026-08-04 13:59,MOVISTAR ARENA - SANTIAGO CENTRO,Los Tres - Unplugged 30 años,2026-11-14,,TT7S14R-97,PLATEA ALTA,358,246
2026-08-04 13:59,MOVISTAR ARENA - SANTIAGO CENTRO,Los Tres - Unplugged 30 años,2026-11-14,,TT1S2,PRIMERAS FILAS,288,284
2026-08-04 13:59,MOVISTAR ARENA - SANTIAGO CENTRO,Los Tres - Unplugged 30 años,2026-11-14,,TT1S1,PRIMERAS FILAS,276,195
2026-08-04 13:59,MOVISTAR ARENA - SANTIAGO CENTRO,Los Tres - Unplugged 30 años,2026-11-14,,TT2S2,DIAMANTE,252,214
2026-08-04 13:59,MOVISTAR ARENA - SANTIAGO CENTRO,Los Tres - Unplugged 30 años,2026-11-14,,TT2S4,DIAMANTE,252,234
2026-08-04 13:59,MOVISTAR ARENA - SANTIAGO CENTRO,Los Tres - Unplugged 30 años,2026-11-14,,TT3S2,PLATINUM,216,102
2026-08-04 13:59,MOVISTAR ARENA - SANTIAGO CENTRO,Los Tres - Unplugged 30 años,2026-11-14,,TT3S4,PLATINUM,216,99
2026-08-04 13:59,MOVISTAR ARENA - SANTIAGO CENTRO,Los Tres - Unplugged 30 años,2026-11-14,,TT2S5,DIAMANTE,84,26
2026-08-04 13:59,MOVISTAR ARENA - SANTIAGO CENTRO,Los Tres - Unplugged 30 años,2026-11-14,,TT2S1,DIAMANTE,72,23
2026-08-04 13:59,MOVISTAR ARENA - SANTIAGO CENTRO,Los Tres - Unplugged 30 años,2026-11-14,,TT4S2,GOLDEN,306,180
2026-08-04 13:59,MOVISTAR ARENA - SANTIAGO CENTRO,Los Tres - Unplugged 30 años,2026-11-14,,TT4S3,GOLDEN,306,184
2026-08-04 13:59,MOVISTAR ARENA - SANTIAGO CENTRO,Los Tres - Unplugged 30 años,2026-11-14,,TT1S3,PRIMERAS FILAS,276,183
2026-08-04 13:59,MOVISTAR ARENA - SANTIAGO CENTRO,Los Tres - Unplugged 30 años,2026-11-14,,TT4S1,GOLDEN,76,23
2026-08-04 13:59,MOVISTAR ARENA - SANTIAGO CENTRO,Los Tres - Unplugged 30 años,2026-11-14,,TT4S4,GOLDEN,76,25
2026-08-04 13:59,MOVISTAR ARENA - SANTIAGO CENTRO,Los Tres - Unplugged 30 años,2026-11-14,,TT3S1,PLATINUM,60,6
2026-08-04 13:59,MOVISTAR ARENA - SANTIAGO CENTRO,Los Tres - Unplugged 30 años,2026-11-14,,TT3S5,PLATINUM,36,16
2026-08-04 13:59,MOVISTAR ARENA - SANTIAGO CENTRO,Camila - Tour Adiós,2026-11-20,,TT13S8R-97,PLATEA ALTA GOLDEN,358,199
2026-08-04 13:59,MOVISTAR ARENA - SANTIAGO CENTRO,Camila - Tour Adiós,2026-11-20,,TT13S1R97,PLATEA ALTA GOLDEN,358,195
2026-08-04 13:59,MOVISTAR ARENA - SANTIAGO CENTRO,Camila - Tour Adiós,2026-11-20,,TT13S2R92,PLATEA ALTA GOLDEN,474,281
2026-08-04 13:59,MOVISTAR ARENA - SANTIAGO CENTRO,Camila - Tour Adiós,2026-11-20,,TT13S7R-92,PLATEA ALTA GOLDEN,474,266
2026-08-04 14:00,MOVISTAR ARENA - SANTIAGO CENTRO,Camila - Tour Adiós,2026-11-20,,TT13S3R90,PLATEA ALTA GOLDEN,417,196
2026-08-04 14:00,MOVISTAR ARENA - SANTIAGO CENTRO,Camila - Tour Adiós,2026-11-20,,TT13S6R-90,PLATEA ALTA GOLDEN,417,163
2026-08-04 14:00,MOVISTAR ARENA - SANTIAGO CENTRO,Camila - Tour Adiós,2026-11-20,,TT13S4R75,PLATEA ALTA GOLDEN,366,82
2026-08-04 14:00,MOVISTAR ARENA - SANTIAGO CENTRO,Camila - Tour Adiós,2026-11-20,,TT13S5R-75,PLATEA ALTA GOLDEN,363,66
2026-08-04 14:00,MOVISTAR ARENA - SANTIAGO CENTRO,Camila - Tour Adiós,2026-11-20,,TT14S1R46,PLATEA ALTA SILVER,262,132
2026-08-04 14:00,MOVISTAR ARENA - SANTIAGO CENTRO,Camila - Tour Adiós,2026-11-20,,TT14S6R-46,PLATEA ALTA SILVER,257,133
2026-08-04 14:00,MOVISTAR ARENA - SANTIAGO CENTRO,Camila - Tour Adiós,2026-11-20,,TT14S2R40,PLATEA ALTA SILVER,201,100
2026-08-04 14:00,MOVISTAR ARENA - SANTIAGO CENTRO,Camila - Tour Adiós,2026-11-20,,TT14S5R-40,PLATEA ALTA SILVER,201,96
2026-08-04 14:00,MOVISTAR ARENA - SANTIAGO CENTRO,Camila - Tour Adiós,2026-11-20,,TT14S3,PLATEA ALTA SILVER,198,174
2026-08-04 14:00,MOVISTAR ARENA - SANTIAGO CENTRO,Camila - Tour Adiós,2026-11-20,,TT14S4,PLATEA ALTA SILVER,199,158
2026-08-04 14:00,MOVISTAR ARENA - SANTIAGO CENTRO,Camila - Tour Adiós,2026-11-20,,TT10S5R-97,PLATEA BAJA DIAMANTE,196,54
2026-08-04 14:00,MOVISTAR ARENA - SANTIAGO CENTRO,Camila - Tour Adiós,2026-11-20,,TT10S4R-95,PLATEA BAJA DIAMANTE,261,115
2026-08-04 14:00,MOVISTAR ARENA - SANTIAGO CENTRO,Camila - Tour Adiós,2026-11-20,,TT10S3R-90,PLATEA BAJA DIAMANTE,157,43
2026-08-04 14:00,MOVISTAR ARENA - SANTIAGO CENTRO,Camila - Tour Adiós,2026-11-20,,TT11S3R-90,PLATEA BAJA GOLDEN,235,136
2026-08-04 14:00,MOVISTAR ARENA - SANTIAGO CENTRO,Camila - Tour Adiós,2026-11-20,,TT11S2R-90,PLATEA BAJA GOLDEN,235,85
2026-08-04 14:00,MOVISTAR ARENA - SANTIAGO CENTRO,Camila - Tour Adiós,2026-11-20,,TT12S4R-75,PLATEA BAJA SILVER,257,79
2026-08-04 14:00,MOVISTAR ARENA - SANTIAGO CENTRO,Camila - Tour Adiós,2026-11-20,,TT12S3R-46,PLATEA BAJA SILVER,294,77
2026-08-04 14:00,MOVISTAR ARENA - SANTIAGO CENTRO,Camila - Tour Adiós,2026-11-20,,TT12S2R46,PLATEA BAJA SILVER,302,99
2026-08-04 14:00,MOVISTAR ARENA - SANTIAGO CENTRO,Camila - Tour Adiós,2026-11-20,,TT12S1R75,PLATEA BAJA SILVER,256,87
2026-08-04 14:00,MOVISTAR ARENA - SANTIAGO CENTRO,Camila - Tour Adiós,2026-11-20,,TT11S1R90,PLATEA BAJA GOLDEN,468,262
2026-08-04 14:00,MOVISTAR ARENA - SANTIAGO CENTRO,Camila - Tour Adiós,2026-11-20,,TT10S2R92,PLATEA BAJA DIAMANTE,472,186
2026-08-04 14:00,MOVISTAR ARENA - SANTIAGO CENTRO,Camila - Tour Adiós,2026-11-20,,TT10S1R97,PLATEA BAJA DIAMANTE,189,70
2026-08-04 14:00,MOVISTAR ARENA - SANTIAGO CENTRO,Camila - Tour Adiós,2026-11-20,,TT1S2,PRIMERAS FILAS,180,142
2026-08-04 14:00,MOVISTAR ARENA - SANTIAGO CENTRO,Camila - Tour Adiós,2026-11-20,,TT1S1,PRIMERAS FILAS,168,54
2026-08-04 14:00,MOVISTAR ARENA - SANTIAGO CENTRO,Camila - Tour Adiós,2026-11-20,,TT2S1,DIAMANTE,144,7
2026-08-04 14:00,MOVISTAR ARENA - SANTIAGO CENTRO,Camila - Tour Adiós,2026-11-20,,TT2S2,DIAMANTE,144,45
2026-08-04 14:00,MOVISTAR ARENA - SANTIAGO CENTRO,Camila - Tour Adiós,2026-11-20,,TT2S3,DIAMANTE,144,3
2026-08-04 14:00,MOVISTAR ARENA - SANTIAGO CENTRO,Camila - Tour Adiós,2026-11-20,,TT5S1,PLATINUM,126,2
2026-08-04 14:00,MOVISTAR ARENA - SANTIAGO CENTRO,Camila - Tour Adiós,2026-11-20,,TT5S2,PLATINUM,126,8
2026-08-04 14:00,MOVISTAR ARENA - SANTIAGO CENTRO,Camila - Tour Adiós,2026-11-20,,TT5S3,PLATINUM,126,1
2026-08-04 14:00,MOVISTAR ARENA - SANTIAGO CENTRO,Camila - Tour Adiós,2026-11-20,,TT7S1,PLATINUM LATERAL,72,18
2026-08-04 14:00,MOVISTAR ARENA - SANTIAGO CENTRO,Camila - Tour Adiós,2026-11-20,,TT4S1,DIAMANTE LATERAL,90,22
2026-08-04 14:00,MOVISTAR ARENA - SANTIAGO CENTRO,Camila - Tour Adiós,2026-11-20,,TT4S2,DIAMANTE LATERAL,96,38
2026-08-04 14:00,MOVISTAR ARENA - SANTIAGO CENTRO,Camila - Tour Adiós,2026-11-20,,TT9S1,GOLDEN LATERAL,82,53
2026-08-04 14:00,MOVISTAR ARENA - SANTIAGO CENTRO,Camila - Tour Adiós,2026-11-20,,TT9S2,GOLDEN LATERAL,82,45
2026-08-04 14:00,MOVISTAR ARENA - SANTIAGO CENTRO,Camila - Tour Adiós,2026-11-20,,TT8S1,GOLDEN,324,71
2026-08-04 14:00,MOVISTAR ARENA - SANTIAGO CENTRO,Camila - Tour Adiós,2026-11-20,,TT8S2,GOLDEN,324,88
2026-08-04 14:00,MOVISTAR ARENA - SANTIAGO CENTRO,Camila - Tour Adiós,2026-11-20,,TT7S2,PLATINUM LATERAL,54,51
2026-08-04 14:00,MOVISTAR ARENA - SANTIAGO CENTRO,Camila - Tour Adiós,2026-11-20,,TT1S3,PRIMERAS FILAS,168,61
2026-08-04 14:00,MOVISTAR ARENA - SANTIAGO CENTRO,Camila - Tour Adiós,2026-11-20,,TT3S1,DIAMANTE B,144,
2026-08-04 14:00,MOVISTAR ARENA - SANTIAGO CENTRO,Camila - Tour Adiós,2026-11-20,,TT3S2,DIAMANTE B,144,45
2026-08-04 14:00,MOVISTAR ARENA - SANTIAGO CENTRO,Camila - Tour Adiós,2026-11-20,,TT3S3,DIAMANTE B,144,
2026-08-04 14:00,MOVISTAR ARENA - SANTIAGO CENTRO,Camila - Tour Adiós,2026-11-20,,TT6S1,PLATINUM B,144,
2026-08-04 14:00,MOVISTAR ARENA - SANTIAGO CENTRO,Camila - Tour Adiós,2026-11-20,,TT6S2,PLATINUM B,144,47
2026-08-04 14:00,MOVISTAR ARENA - SANTIAGO CENTRO,Camila - Tour Adiós,2026-11-20,,TT6S3,PLATINUM B,144,23
2026-08-04 14:00,ESTADIO MONUMENTAL,Maná - Vivir sin aire Tour,2026-12-05,,TT2S1,PRIMERAS FILAS LATERAL,324,119
2026-08-04 14:00,ESTADIO MONUMENTAL,Maná - Vivir sin aire Tour,2026-12-05,,TT3S1,DIAMANTE,234,176
2026-08-04 14:00,ESTADIO MONUMENTAL,Maná - Vivir sin aire Tour,2026-12-05,,TT2S2,PRIMERAS FILAS LATERAL,324,119
2026-08-04 14:00,ESTADIO MONUMENTAL,Maná - Vivir sin aire Tour,2026-12-05,,TT3S4,DIAMANTE,234,165
2026-08-04 14:00,ESTADIO MONUMENTAL,Maná - Vivir sin aire Tour,2026-12-05,,TT1S4,PRIMERAS FILAS,324,322
2026-08-04 14:00,ESTADIO MONUMENTAL,Maná - Vivir sin aire Tour,2026-12-05,,TT3S3,DIAMANTE,234,232
2026-08-04 14:01,MOVISTAR ARENA - SANTIAGO CENTRO,Anuel AA - World Tour,2026-12-19,,TT3S4R-95,PLATEA BAJA DIAMANTE,261,175
2026-08-04 14:01,MOVISTAR ARENA - SANTIAGO CENTRO,Anuel AA - World Tour,2026-12-19,,TT6S3R-46,PLATEA BAJA SILVER,294,67
2026-08-04 14:01,MOVISTAR ARENA - SANTIAGO CENTRO,Anuel AA - World Tour,2026-12-19,,TT6S2R46,PLATEA BAJA SILVER,302,48
2026-08-04 14:01,MOVISTAR ARENA - SANTIAGO CENTRO,Anuel AA - World Tour,2026-12-19,,TT3S2R92,PLATEA BAJA DIAMANTE,472,307
2026-08-04 14:01,MOVISTAR ARENA - SANTIAGO CENTRO,Anuel AA - World Tour,2026-12-19,,TT5S2R-90,PLATEA BAJA GOLDEN,235,108
2026-08-04 14:01,MOVISTAR ARENA - SANTIAGO CENTRO,Anuel AA - World Tour,2026-12-19,,TT6S4R-75,PLATEA BAJA SILVER,257,103
2026-08-04 14:01,MOVISTAR ARENA - SANTIAGO CENTRO,Anuel AA - World Tour,2026-12-19,,TT6S1R75,PLATEA BAJA SILVER,256,97
2026-08-04 14:01,MOVISTAR ARENA - SANTIAGO CENTRO,Anuel AA - World Tour,2026-12-19,,TT5S1R90,PLATEA BAJA GOLDEN,468,288
2026-08-04 14:01,MOVISTAR ARENA - SANTIAGO CENTRO,Anuel AA - World Tour,2026-12-19,,TT3S3R-90,PLATEA BAJA DIAMANTE,157,63
2026-08-04 14:01,MOVISTAR ARENA - SANTIAGO CENTRO,Anuel AA - World Tour,2026-12-19,,TT5S3R-90,PLATEA BAJA GOLDEN,235,158
2026-08-04 14:01,MOVISTAR ARENA - SANTIAGO CENTRO,Anuel AA - World Tour,2026-12-19,,TT7S8R-97,PLATEA ALTA GOLDEN,362,346
2026-08-04 14:01,MOVISTAR ARENA - SANTIAGO CENTRO,Anuel AA - World Tour,2026-12-19,,TT7S7R-92,PLATEA ALTA GOLDEN,474,373
2026-08-04 14:01,MOVISTAR ARENA - SANTIAGO CENTRO,Anuel AA - World Tour,2026-12-19,,TT7S6R-90,PLATEA ALTA GOLDEN,417,193
2026-08-04 14:01,MOVISTAR ARENA - SANTIAGO CENTRO,Anuel AA - World Tour,2026-12-19,,TT7S4R75,PLATEA ALTA GOLDEN,366,58
2026-08-04 14:01,MOVISTAR ARENA - SANTIAGO CENTRO,Anuel AA - World Tour,2026-12-19,,TT7S5R-75,PLATEA ALTA GOLDEN,363,42
2026-08-04 14:01,MOVISTAR ARENA - SANTIAGO CENTRO,Anuel AA - World Tour,2026-12-19,,TT8S6R-46,PLATEA ALTA SILVER,257,141
2026-08-04 14:01,MOVISTAR ARENA - SANTIAGO CENTRO,Anuel AA - World Tour,2026-12-19,,TT8S1R46,PLATEA ALTA SILVER,262,116
2026-08-04 14:01,MOVISTAR ARENA - SANTIAGO CENTRO,Anuel AA - World Tour,2026-12-19,,TT8S2R40,PLATEA ALTA SILVER,201,77
2026-08-04 14:01,MOVISTAR ARENA - SANTIAGO CENTRO,Anuel AA - World Tour,2026-12-19,,TT8S5R-40,PLATEA ALTA SILVER,201,63
2026-08-04 14:01,MOVISTAR ARENA - SANTIAGO CENTRO,Anuel AA - World Tour,2026-12-19,,TT8S4,PLATEA ALTA SILVER,199,116
2026-08-04 14:01,MOVISTAR ARENA - SANTIAGO CENTRO,Anuel AA - World Tour,2026-12-19,,TT8S3,PLATEA ALTA SILVER,198,135
2026-08-04 14:01,MOVISTAR ARENA - SANTIAGO CENTRO,Anuel AA - World Tour,2026-12-19,,TT7S1R97,PLATEA ALTA GOLDEN,362,349
2026-08-04 14:01,MOVISTAR ARENA - SANTIAGO CENTRO,Anuel AA - World Tour,2026-12-19,,TT7S2R92,PLATEA ALTA GOLDEN,474,390
2026-08-04 14:01,MOVISTAR ARENA - SANTIAGO CENTRO,Anuel AA - World Tour,2026-12-19,,TT7S3R90,PLATEA ALTA GOLDEN,417,229
2026-08-04 14:01,MOVISTAR ARENA - SANTIAGO CENTRO,Anuel AA - World Tour,2026-12-19,,TT6S3R-46,PLATEA BAJA SILVER,294,276
2026-08-04 14:01,MOVISTAR ARENA - SANTIAGO CENTRO,Anuel AA - World Tour,2026-12-19,,TT6S2R46,PLATEA BAJA SILVER,302,285
2026-08-04 14:01,MOVISTAR ARENA - SANTIAGO CENTRO,Anuel AA - World Tour,2026-12-19,,TT8S6R-46,PLATEA ALTA SILVER,257,256
2026-08-04 14:01,MOVISTAR ARENA - SANTIAGO CENTRO,Anuel AA - World Tour,2026-12-19,,TT8S4,PLATEA ALTA SILVER,199,195
2026-08-04 14:01,MOVISTAR ARENA - SANTIAGO CENTRO,Anuel AA - World Tour,2026-12-19,,TT6S3R-46,PLATEA BAJA SILVER,294,272
2026-08-04 14:02,MOVISTAR ARENA - SANTIAGO CENTRO,Anuel AA - World Tour,2026-12-19,,TT6S2R46,PLATEA BAJA SILVER,302,290
2026-08-04 14:02,MOVISTAR ARENA - SANTIAGO CENTRO,Anuel AA - World Tour,2026-12-19,,TT5S2R-90,PLATEA BAJA GOLDEN,235,233
2026-08-04 14:02,MOVISTAR ARENA - SANTIAGO CENTRO,Anuel AA - World Tour,2026-12-19,,TT6S4R-75,PLATEA BAJA SILVER,257,246
2026-08-04 14:02,MOVISTAR ARENA - SANTIAGO CENTRO,Anuel AA - World Tour,2026-12-19,,TT6S1R75,PLATEA BAJA SILVER,256,253
2026-08-04 14:02,MOVISTAR ARENA - SANTIAGO CENTRO,Anuel AA - World Tour,2026-12-19,,TT5S1R90,PLATEA BAJA GOLDEN,468,466
2026-08-04 14:02,MOVISTAR ARENA - SANTIAGO CENTRO,Anuel AA - World Tour,2026-12-19,,TT5S3R-90,PLATEA BAJA GOLDEN,235,231
2026-08-04 14:02,MOVISTAR ARENA - SANTIAGO CENTRO,Anuel AA - World Tour,2026-12-19,,TT7S7R-92,PLATEA ALTA GOLDEN,474,473
2026-08-04 14:02,MOVISTAR ARENA - SANTIAGO CENTRO,Anuel AA - World Tour,2026-12-19,,TT7S6R-90,PLATEA ALTA GOLDEN,417,408
2026-08-04 14:02,MOVISTAR ARENA - SANTIAGO CENTRO,Anuel AA - World Tour,2026-12-19,,TT7S4R75,PLATEA ALTA GOLDEN,366,359
2026-08-04 14:02,MOVISTAR ARENA - SANTIAGO CENTRO,Anuel AA - World Tour,2026-12-19,,TT7S5R-75,PLATEA ALTA GOLDEN,363,358
2026-08-04 14:02,MOVISTAR ARENA - SANTIAGO CENTRO,Anuel AA - World Tour,2026-12-19,,TT8S6R-46,PLATEA ALTA SILVER,257,247
2026-08-04 14:02,MOVISTAR ARENA - SANTIAGO CENTRO,Anuel AA - World Tour,2026-12-19,,TT8S1R46,PLATEA ALTA SILVER,262,251
2026-08-04 14:02,MOVISTAR ARENA - SANTIAGO CENTRO,Anuel AA - World Tour,2026-12-19,,TT8S2R40,PLATEA ALTA SILVER,201,192
2026-08-04 14:02,MOVISTAR ARENA - SANTIAGO CENTRO,Anuel AA - World Tour,2026-12-19,,TT8S5R-40,PLATEA ALTA SILVER,201,192
2026-08-04 14:02,MOVISTAR ARENA - SANTIAGO CENTRO,Anuel AA - World Tour,2026-12-19,,TT8S4,PLATEA ALTA SILVER,199,190
2026-08-04 14:02,MOVISTAR ARENA - SANTIAGO CENTRO,Anuel AA - World Tour,2026-12-19,,TT8S3,PLATEA ALTA SILVER,198,192
2026-08-04 14:02,MOVISTAR ARENA - SANTIAGO CENTRO,Anuel AA - World Tour,2026-12-19,,TT7S3R90,PLATEA ALTA GOLDEN,417,412
2026-08-04 14:02,ESTADIO MONUMENTAL,Romeo Santos y Prince Royce - Mejor Tarde que Nunca,2026-09-20,,TT7S5R-90,RAPA NUI,405,8
2026-08-04 14:02,ESTADIO MONUMENTAL,Romeo Santos y Prince Royce - Mejor Tarde que Nunca,2026-09-20,,TT7S4R-90,RAPA NUI,463,28
2026-08-04 14:02,ESTADIO MONUMENTAL,Romeo Santos y Prince Royce - Mejor Tarde que Nunca,2026-09-20,,TT7S2R-90,RAPA NUI,460,320
2026-08-04 14:02,ESTADIO MONUMENTAL,Romeo Santos y Prince Royce - Mejor Tarde que Nunca,2026-09-20,,TT8S6R-90,OCEANO,1936,1052
2026-08-04 14:02,ESTADIO MONUMENTAL,Romeo Santos y Prince Royce - Mejor Tarde que Nunca,2026-09-20,,TT8S5R-90,OCEANO,1639,1150
2026-08-04 14:03,ESTADIO NACIONAL - ÑUÑUA,Karol G - Viajando por el Mundo TropiTour,2027-01-31,,TT9S5R90,PACIFICO ALTO,339,194
2026-08-04 14:03,ESTADIO NACIONAL - ÑUÑUA,Karol G - Viajando por el Mundo TropiTour,2027-01-31,,TT9S2R90,PACIFICO ALTO,125,13
2026-08-04 14:03,ESTADIO NACIONAL - ÑUÑUA,Karol G - Viajando por el Mundo TropiTour,2027-01-31,,TT9S3R90,PACIFICO ALTO,117,2
2026-08-04 14:03,ESTADIO NACIONAL - ÑUÑUA,Karol G - Viajando por el Mundo TropiTour,2027-01-31,,TT9S4R90,PACIFICO ALTO,209,
2026-08-04 14:03,ESTADIO NACIONAL - ÑUÑUA,Karol G - Viajando por el Mundo TropiTour,2027-01-31,,TT9S1R90,PACIFICO ALTO,128,112
2026-08-04 14:03,ESTADIO NACIONAL - ÑUÑUA,Karol G - Viajando por el Mundo TropiTour,2027-01-31,,TT10S9R90,PACIFICO BAJO,189,187
2026-08-04 14:03,ESTADIO NACIONAL - ÑUÑUA,Karol G - Viajando por el Mundo TropiTour,2027-01-31,,TT10S11R90,PACIFICO BAJO,63,3
2026-08-04 14:03,ESTADIO NACIONAL - ÑUÑUA,Karol G - Viajando por el Mundo TropiTour,2027-01-31,,TT10S4R90,PACIFICO BAJO,216,209
2026-08-04 14:03,ESTADIO NACIONAL - ÑUÑUA,Karol G - Viajando por el Mundo TropiTour,2027-01-31,,TT10S5R90,PACIFICO BAJO,193,87
2026-08-04 14:03,ESTADIO NACIONAL - ÑUÑUA,Karol G - Viajando por el Mundo TropiTour,2027-01-31,,TT10S10R90,PACIFICO BAJO,268,69
2026-08-04 14:03,ESTADIO NACIONAL - ÑUÑUA,Karol G - Viajando por el Mundo TropiTour,2027-01-31,,TT8S3R90,PACIFICO MEDIO,192,58
2026-08-04 14:03,ESTADIO NACIONAL - ÑUÑUA,Karol G - Viajando por el Mundo TropiTour,2027-01-31,,TT8S1R90,PACIFICO MEDIO,177,
2026-08-04 14:03,ESTADIO NACIONAL - ÑUÑUA,Karol G - Viajando por el Mundo TropiTour,2027-01-31,,TT8S2R90,PACIFICO MEDIO,182,158
2026-08-04 14:03,ESTADIO NACIONAL - ÑUÑUA,Karol G - Viajando por el Mundo TropiTour,2027-01-31,,TT3S1,PRIMERAS FILAS,342,48
2026-08-04 14:03,ESTADIO NACIONAL - ÑUÑUA,Karol G - Viajando por el Mundo TropiTour,2027-01-31,,TT5S1,DIAMANTE LATERAL,378,16
2026-08-04 14:03,ESTADIO NACIONAL - ÑUÑUA,Karol G - Viajando por el Mundo TropiTour,2027-01-31,,TT4S1,DIAMANTE,378,125
2026-08-04 14:03,ESTADIO NACIONAL - ÑUÑUA,Karol G - Viajando por el Mundo TropiTour,2027-01-31,,TT3S2,PRIMERAS FILAS,340,298
2026-08-04 14:03,ESTADIO NACIONAL - ÑUÑUA,Karol G - Viajando por el Mundo TropiTour,2027-01-31,,TT3S4,PRIMERAS FILAS,342,56
2026-08-04 14:03,ESTADIO NACIONAL - ÑUÑUA,Karol G - Viajando por el Mundo TropiTour,2027-01-31,,TT5S2,DIAMANTE LATERAL,378,47
2026-08-04 14:03,ESTADIO NACIONAL - ÑUÑUA,Karol G - Viajando por el Mundo TropiTour,2027-01-31,,TT4S6,DIAMANTE,378,134
2026-08-04 14:03,ESTADIO NACIONAL - ÑUÑUA,Karol G - Viajando por el Mundo TropiTour,2027-01-31,,TT3S3,PRIMERAS FILAS,340,158
2026-08-04 14:03,ESTADIO NACIONAL - ÑUÑUA,Karol G - Viajando por el Mundo TropiTour,2027-01-31,,TT4S2,DIAMANTE,260,146
2026-08-04 14:03,ESTADIO NACIONAL - ÑUÑUA,Karol G - Viajando por el Mundo TropiTour,2027-01-31,,TT4S3,DIAMANTE,154,153
2026-08-04 14:03,ESTADIO NACIONAL - ÑUÑUA,Karol G - Viajando por el Mundo TropiTour,2027-01-31,,TT4S5,DIAMANTE,260,138
2026-08-04 14:03,ESTADIO NACIONAL - ÑUÑUA,Karol G - Viajando por el Mundo TropiTour,2027-01-31,,TT4S4,DIAMANTE,154,151
2026-08-04 14:03,ESTADIO NACIONAL - ÑUÑUA,Karol G - Viajando por el Mundo TropiTour,2027-01-31,,TT7S1,PLATINUM LATERAL,176,14
2026-08-04 14:03,ESTADIO NACIONAL - ÑUÑUA,Karol G - Viajando por el Mundo TropiTour,2027-01-31,,TT7S7,PLATINUM LATERAL,72,
2026-08-04 14:03,ESTADIO NACIONAL - ÑUÑUA,Karol G - Viajando por el Mundo TropiTour,2027-01-31,,TT7S8,PLATINUM LATERAL,214,30
2026-08-04 14:03,ESTADIO NACIONAL - ÑUÑUA,Karol G - Viajando por el Mundo TropiTour,2027-01-31,,TT7S11,PLATINUM LATERAL,89,
2026-08-04 14:03,ESTADIO NACIONAL - ÑUÑUA,Karol G - Viajando por el Mundo TropiTour,2027-01-31,,TT6S5,PLATINUM,100,8
2026-08-04 14:03,ESTADIO NACIONAL - ÑUÑUA,Karol G - Viajando por el Mundo TropiTour,2027-01-31,,TT6S6,PLATINUM,100,52
2026-08-04 14:03,ESTADIO NACIONAL - ÑUÑUA,Karol G - Viajando por el Mundo TropiTour,2027-01-31,,TT6S3,PLATINUM,202,96
2026-08-04 14:03,ESTADIO NACIONAL - ÑUÑUA,Karol G - Viajando por el Mundo TropiTour,2027-01-31,,TT7S6,PLATINUM LATERAL,176,20
2026-08-04 14:03,ESTADIO NACIONAL - ÑUÑUA,Karol G - Viajando por el Mundo TropiTour,2027-01-31,,TT7S10,PLATINUM LATERAL,82,
2026-08-04 14:03,ESTADIO NACIONAL - ÑUÑUA,Karol G - Viajando por el Mundo TropiTour,2027-01-31,,TT7S9,PLATINUM LATERAL,214,32
2026-08-04 14:03,ESTADIO NACIONAL - ÑUÑUA,Karol G - Viajando por el Mundo TropiTour,2027-01-31,,TT7S12,PLATINUM LATERAL,89,
2026-08-04 14:03,ESTADIO NACIONAL - ÑUÑUA,Karol G - Viajando por el Mundo TropiTour,2027-01-31,,TT6S7,PLATINUM,100,8
2026-08-04 14:03,ESTADIO NACIONAL - ÑUÑUA,Karol G - Viajando por el Mundo TropiTour,2027-01-31,,TT6S4,PLATINUM,208,92
2026-08-04 14:04,CLARO ARENA - LAS CONDES,Jamiroquai,2026-09-15,,TT2S2,PRIMERAS FILAS LATERAL,300,228
2026-08-04 14:04,CLARO ARENA - LAS CONDES,Jamiroquai,2026-09-15,,TT2S3,PRIMERAS FILAS LATERAL,300,170
2026-08-04 14:04,CLARO ARENA - LAS CONDES,Jamiroquai,2026-09-15,,TT4S3,DIAMANTE LATERAL,342,303
2026-08-04 14:04,CLARO ARENA - LAS CONDES,Jamiroquai,2026-09-15,,TT4S4,DIAMANTE LATERAL,228,19
2026-08-04 14:04,CLARO ARENA - LAS CONDES,Jamiroquai,2026-09-15,,TT4S2,DIAMANTE LATERAL,342,297
2026-08-04 14:04,CLARO ARENA - LAS CONDES,Jamiroquai,2026-09-15,,TT4S1,DIAMANTE LATERAL,228,10
2026-08-04 14:04,CLARO ARENA - LAS CONDES,Jamiroquai,2026-09-15,,TT7S4R-90,SERGIO LIVINGSTONE 1,420,346
2026-08-04 14:04,CLARO ARENA - LAS CONDES,Jamiroquai,2026-09-15,,TT1S3,PRIMERAS FILAS,324,312
2026-08-04 14:04,CLARO ARENA - LAS CONDES,Jamiroquai,2026-09-15,,TT1S2,PRIMERAS FILAS,324,317
2026-08-04 14:04,CLARO ARENA - LAS CONDES,Jamiroquai,2026-09-15,,TT3S3,DIAMANTE,342,227
2026-08-04 14:04,CLARO ARENA - LAS CONDES,Jamiroquai,2026-09-15,,TT3S2,DIAMANTE,342,238
2026-08-04 14:04,CLARO ARENA - LAS CONDES,Jamiroquai,2026-09-15,,TT2S1,PRIMERAS FILAS LATERAL,136,8
2026-08-04 14:04,CLARO ARENA - LAS CONDES,Jamiroquai,2026-09-15,,TT2S4,PRIMERAS FILAS LATERAL,136,8
2026-08-04 14:05,MOVISTAR ARENA - SANTIAGO CENTRO,Ke Personajes,2026-08-30,,TT6S5R-97,PLATEA BAJA DIAMANTE,196,132
2026-08-04 14:05,MOVISTAR ARENA - SANTIAGO CENTRO,Ke Personajes,2026-08-30,,TT6S1R97,PLATEA BAJA DIAMANTE,189,136
2026-08-04 14:05,MOVISTAR ARENA - SANTIAGO CENTRO,Ke Personajes,2026-08-30,,TT6S4R-95,PLATEA BAJA DIAMANTE,261,156
2026-08-04 14:05,MOVISTAR ARENA - SANTIAGO CENTRO,Ke Personajes,2026-08-30,,TT4S3R-46,PLATEA BAJA SILVER,294,207
2026-08-04 14:05,MOVISTAR ARENA - SANTIAGO CENTRO,Ke Personajes,2026-08-30,,TT4S2R46,PLATEA BAJA SILVER,302,234
2026-08-04 14:05,MOVISTAR ARENA - SANTIAGO CENTRO,Ke Personajes,2026-08-30,,TT6S2R92,PLATEA BAJA DIAMANTE,472,264
2026-08-04 14:05,MOVISTAR ARENA - SANTIAGO CENTRO,Ke Personajes,2026-08-30,,TT5S2R-90,PLATEA BAJA GOLDEN,235,96
2026-08-04 14:05,MOVISTAR ARENA - SANTIAGO CENTRO,Ke Personajes,2026-08-30,,TT4S4R-75,PLATEA BAJA SILVER,257,227
2026-08-04 14:05,MOVISTAR ARENA - SANTIAGO CENTRO,Ke Personajes,2026-08-30,,TT4S1R75,PLATEA BAJA SILVER,256,226
2026-08-04 14:05,MOVISTAR ARENA - SANTIAGO CENTRO,Ke Personajes,2026-08-30,,TT5S1R90,PLATEA BAJA GOLDEN,468,364
2026-08-04 14:05,MOVISTAR ARENA - SANTIAGO CENTRO,Ke Personajes,2026-08-30,,TT6S3R-90,PLATEA BAJA DIAMANTE,157,133
2026-08-04 14:05,MOVISTAR ARENA - SANTIAGO CENTRO,Ke Personajes,2026-08-30,,TT5S3R-90,PLATEA BAJA GOLDEN,235,180
2026-08-04 14:05,MOVISTAR ARENA - SANTIAGO CENTRO,Ke Personajes,2026-08-30,,TT3S8R-97,PLATEA ALTA GOLDEN,358,352
2026-08-04 14:05,MOVISTAR ARENA - SANTIAGO CENTRO,Ke Personajes,2026-08-30,,TT3S7R-92,PLATEA ALTA GOLDEN,474,464
2026-08-04 14:05,MOVISTAR ARENA - SANTIAGO CENTRO,Ke Personajes,2026-08-30,,TT3S6R-90,PLATEA ALTA GOLDEN,417,404
2026-08-04 14:05,MOVISTAR ARENA - SANTIAGO CENTRO,Ke Personajes,2026-08-30,,TT3S4R75,PLATEA ALTA GOLDEN,366,357
2026-08-04 14:05,MOVISTAR ARENA - SANTIAGO CENTRO,Ke Personajes,2026-08-30,,TT3S5R-75,PLATEA ALTA GOLDEN,363,350
2026-08-04 14:05,MOVISTAR ARENA - SANTIAGO CENTRO,Ke Personajes,2026-08-30,,TT2S6R-46,PLATEA ALTA SILVER,257,253
2026-08-04 14:05,MOVISTAR ARENA - SANTIAGO CENTRO,Ke Personajes,2026-08-30,,TT2S1R46,PLATEA ALTA SILVER,262,258
2026-08-04 14:05,MOVISTAR ARENA - SANTIAGO CENTRO,Ke Personajes,2026-08-30,,TT2S2R40,PLATEA ALTA SILVER,201,198
2026-08-04 14:05,MOVISTAR ARENA - SANTIAGO CENTRO,Ke Personajes,2026-08-30,,TT2S5R-40,PLATEA ALTA SILVER,201,198
2026-08-04 14:05,MOVISTAR ARENA - SANTIAGO CENTRO,Ke Personajes,2026-08-30,,TT2S3,PLATEA ALTA SILVER,198,193
2026-08-04 14:05,MOVISTAR ARENA - SANTIAGO CENTRO,Ke Personajes,2026-08-30,,TT3S1R97,PLATEA ALTA GOLDEN,358,357
2026-08-04 14:05,MOVISTAR ARENA - SANTIAGO CENTRO,Ke Personajes,2026-08-30,,TT3S2R92,PLATEA ALTA GOLDEN,474,462
2026-08-04 14:05,MOVISTAR ARENA - SANTIAGO CENTRO,Ke Personajes,2026-08-30,,TT3S3R90,PLATEA ALTA GOLDEN,417,410
2026-08-04 14:05,MOVISTAR ARENA - SANTIAGO CENTRO,Ke Personajes,2026-08-30,,TT11S1,PRIMERAS FILAS,168,164
2026-08-04 14:05,MOVISTAR ARENA - SANTIAGO CENTRO,Ke Personajes,2026-08-30,,TT12S5,DIAMANTE,84,77
2026-08-04 14:05,MOVISTAR ARENA - SANTIAGO CENTRO,Ke Personajes,2026-08-30,,TT12S1,DIAMANTE,84,74
2026-08-04 14:05,MOVISTAR ARENA - SANTIAGO CENTRO,Ke Personajes,2026-08-30,,TT14S3,GOLDEN,306,129
2026-08-04 14:05,MOVISTAR ARENA - SANTIAGO CENTRO,Ke Personajes,2026-08-30,,TT14S2,GOLDEN,306,126
2026-08-04 14:05,MOVISTAR ARENA - SANTIAGO CENTRO,Ke Personajes,2026-08-30,,TT11S3,PRIMERAS FILAS,168,161
2026-08-04 14:05,MOVISTAR ARENA - SANTIAGO CENTRO,Ke Personajes,2026-08-30,,TT14S1,GOLDEN,90,24
2026-08-04 14:05,MOVISTAR ARENA - SANTIAGO CENTRO,Ke Personajes,2026-08-30,,TT14S4,GOLDEN,90,25
2026-08-04 14:05,MOVISTAR ARENA - SANTIAGO CENTRO,Ke Personajes,2026-08-30,,TT13S1,PLATINUM,60,46
2026-08-04 14:05,MOVISTAR ARENA - SANTIAGO CENTRO,Ke Personajes,2026-08-30,,TT13S5,PLATINUM,24,22
2026-08-04 14:05,MOVISTAR ARENA - SANTIAGO CENTRO,Ke Personajes,2026-08-30,,TT13S2,PLATINUM,270,231
2026-08-04 14:05,MOVISTAR ARENA - SANTIAGO CENTRO,Ke Personajes,2026-08-30,,TT13S3,PLATINUM,270,263
2026-08-04 14:05,MOVISTAR ARENA - SANTIAGO CENTRO,Ke Personajes,2026-08-30,,TT13S4,PLATINUM,270,242
2026-08-04 14:05,MOVISTAR ARENA - SANTIAGO CENTRO,Ke Personajes,2026-08-30,,TT12S2,DIAMANTE,252,178
2026-08-04 14:05,MOVISTAR ARENA - SANTIAGO CENTRO,Ke Personajes,2026-08-30,,TT12S3,DIAMANTE,252,246
2026-08-04 14:05,MOVISTAR ARENA - SANTIAGO CENTRO,Ke Personajes,2026-08-30,,TT12S4,DIAMANTE,252,175
2026-08-04 14:06,MOVISTAR ARENA - SANTIAGO CENTRO,CA7RIEL & PACO AMOROSO - FREE SPIRITS WORLD TOUR,2026-11-23,,TT1S4R-97,PLATEA ZAFIRO,196,144
2026-08-04 14:06,MOVISTAR ARENA - SANTIAGO CENTRO,CA7RIEL & PACO AMOROSO - FREE SPIRITS WORLD TOUR,2026-11-23,,TT1S1R97,PLATEA ZAFIRO,189,147
2026-08-04 14:06,MOVISTAR ARENA - SANTIAGO CENTRO,CA7RIEL & PACO AMOROSO - FREE SPIRITS WORLD TOUR,2026-11-23,,TT1S3R-95,PLATEA ZAFIRO,261,260
2026-08-04 14:06,MOVISTAR ARENA - SANTIAGO CENTRO,CA7RIEL & PACO AMOROSO - FREE SPIRITS WORLD TOUR,2026-11-23,,TT2S3R-92,PLATEA ROYAL,392,387
2026-08-04 14:06,MOVISTAR ARENA - SANTIAGO CENTRO,CA7RIEL & PACO AMOROSO - FREE SPIRITS WORLD TOUR,2026-11-23,,TT2S2R-90,PLATEA ROYAL,235,217
2026-08-04 14:06,MOVISTAR ARENA - SANTIAGO CENTRO,CA7RIEL & PACO AMOROSO - FREE SPIRITS WORLD TOUR,2026-11-23,,TT4S4R-75,PLATEA BAJA,257,253
2026-08-04 14:06,MOVISTAR ARENA - SANTIAGO CENTRO,CA7RIEL & PACO AMOROSO - FREE SPIRITS WORLD TOUR,2026-11-23,,TT4S3R-46,PLATEA BAJA,294,285
2026-08-04 14:06,MOVISTAR ARENA - SANTIAGO CENTRO,CA7RIEL & PACO AMOROSO - FREE SPIRITS WORLD TOUR,2026-11-23,,TT4S2R46,PLATEA BAJA,302,272
2026-08-04 14:06,MOVISTAR ARENA - SANTIAGO CENTRO,CA7RIEL & PACO AMOROSO - FREE SPIRITS WORLD TOUR,2026-11-23,,TT4S1R75,PLATEA BAJA,256,234
2026-08-04 14:06,MOVISTAR ARENA - SANTIAGO CENTRO,CA7RIEL & PACO AMOROSO - FREE SPIRITS WORLD TOUR,2026-11-23,,TT2S1R90,PLATEA ROYAL,468,372
2026-08-04 14:06,MOVISTAR ARENA - SANTIAGO CENTRO,CA7RIEL & PACO AMOROSO - FREE SPIRITS WORLD TOUR,2026-11-23,,TT6S7,PLATEA ALTA,198,196
2026-08-04 14:06,MOVISTAR ARENA - SANTIAGO CENTRO,CA7RIEL & PACO AMOROSO - FREE SPIRITS WORLD TOUR,2026-11-23,,TT6S9R-40,PLATEA ALTA,201,199
2026-08-04 14:06,MOVISTAR ARENA - SANTIAGO CENTRO,CA7RIEL & PACO AMOROSO - FREE SPIRITS WORLD TOUR,2026-11-23,,TT6S6R40,PLATEA ALTA,201,199
2026-08-04 14:06,MOVISTAR ARENA - SANTIAGO CENTRO,CA7RIEL & PACO AMOROSO - FREE SPIRITS WORLD TOUR,2026-11-23,,TT6S5R46,PLATEA ALTA,262,259
2026-08-04 14:06,MOVISTAR ARENA - SANTIAGO CENTRO,CA7RIEL & PACO AMOROSO - FREE SPIRITS WORLD TOUR,2026-11-23,,TT6S10R-46,PLATEA ALTA,257,254
2026-08-04 14:06,MOVISTAR ARENA - SANTIAGO CENTRO,CA7RIEL & PACO AMOROSO - FREE SPIRITS WORLD TOUR,2026-11-23,,TT6S11R-75,PLATEA ALTA,363,361
2026-08-04 14:07,MOVISTAR ARENA - SANTIAGO CENTRO,Paulo Londra,2026-08-20,,TT6S8R-97,PLATEA ALTA GOLDEN,358,281
2026-08-04 14:07,MOVISTAR ARENA - SANTIAGO CENTRO,Paulo Londra,2026-08-20,,TT6S7R-92,PLATEA ALTA GOLDEN,474,367
2026-08-04 14:07,MOVISTAR ARENA - SANTIAGO CENTRO,Paulo Londra,2026-08-20,,TT6S6R-90,PLATEA ALTA GOLDEN,417,232
2026-08-04 14:07,MOVISTAR ARENA - SANTIAGO CENTRO,Paulo Londra,2026-08-20,,TT6S4R75,PLATEA ALTA GOLDEN,366,105
2026-08-04 14:07,MOVISTAR ARENA - SANTIAGO CENTRO,Paulo Londra,2026-08-20,,TT6S5R-75,PLATEA ALTA GOLDEN,363,101
2026-08-04 14:07,MOVISTAR ARENA - SANTIAGO CENTRO,Paulo Londra,2026-08-20,,TT8S6R-46,PLATEA ALTA SILVER,257,251
2026-08-04 14:07,MOVISTAR ARENA - SANTIAGO CENTRO,Paulo Londra,2026-08-20,,TT8S1R46,PLATEA ALTA SILVER,262,261
2026-08-04 14:07,MOVISTAR ARENA - SANTIAGO CENTRO,Paulo Londra,2026-08-20,,TT8S2R40,PLATEA ALTA SILVER,201,199
2026-08-04 14:07,MOVISTAR ARENA - SANTIAGO CENTRO,Paulo Londra,2026-08-20,,TT8S5R-40,PLATEA ALTA SILVER,201,200
2026-08-04 14:07,MOVISTAR ARENA - SANTIAGO CENTRO,Paulo Londra,2026-08-20,,TT8S4,PLATEA ALTA SILVER,199,198
2026-08-04 14:07,MOVISTAR ARENA - SANTIAGO CENTRO,Paulo Londra,2026-08-20,,TT8S3,PLATEA ALTA SILVER,198,195
2026-08-04 14:07,MOVISTAR ARENA - SANTIAGO CENTRO,Paulo Londra,2026-08-20,,TT1S5R-97,PLATEA BAJA DIAMANTE,196,105
2026-08-04 14:07,MOVISTAR ARENA - SANTIAGO CENTRO,Paulo Londra,2026-08-20,,TT1S1R97,PLATEA BAJA DIAMANTE,189,102
2026-08-04 14:07,MOVISTAR ARENA - SANTIAGO CENTRO,Paulo Londra,2026-08-20,,TT1S4R-95,PLATEA BAJA DIAMANTE,261,108
2026-08-04 14:07,MOVISTAR ARENA - SANTIAGO CENTRO,Paulo Londra,2026-08-20,,TT1S3R-90,PLATEA BAJA DIAMANTE,157,27
2026-08-04 14:07,MOVISTAR ARENA - SANTIAGO CENTRO,Paulo Londra,2026-08-20,,TT3S3R-90,PLATEA BAJA GOLDEN,235,174
2026-08-04 14:07,MOVISTAR ARENA - SANTIAGO CENTRO,Paulo Londra,2026-08-20,,TT3S2R-90,PLATEA BAJA GOLDEN,235,82
2026-08-04 14:07,MOVISTAR ARENA - SANTIAGO CENTRO,Paulo Londra,2026-08-20,,TT4S4R-75,PLATEA BAJA SILVER,257,46
2026-08-04 14:07,MOVISTAR ARENA - SANTIAGO CENTRO,Paulo Londra,2026-08-20,,TT4S3R-46,PLATEA BAJA SILVER,294,36
2026-08-04 14:07,MOVISTAR ARENA - SANTIAGO CENTRO,Paulo Londra,2026-08-20,,TT4S2R46,PLATEA BAJA SILVER,302,28
2026-08-04 14:07,MOVISTAR ARENA - SANTIAGO CENTRO,Paulo Londra,2026-08-20,,TT4S1R75,PLATEA BAJA SILVER,256,51
2026-08-04 14:07,MOVISTAR ARENA - SANTIAGO CENTRO,Paulo Londra,2026-08-20,,TT3S1R90,PLATEA BAJA GOLDEN,468,295
2026-08-04 14:07,MOVISTAR ARENA - SANTIAGO CENTRO,Paulo Londra,2026-08-20,,TT1S2R92,PLATEA BAJA DIAMANTE,472,227
2026-08-04 14:07,MOVISTAR ARENA - SANTIAGO CENTRO,Paulo Londra,2026-08-20,,TT6S1R97,PLATEA ALTA GOLDEN,358,300
2026-08-04 14:07,MOVISTAR ARENA - SANTIAGO CENTRO,Paulo Londra,2026-08-20,,TT6S2R92,PLATEA ALTA GOLDEN,474,360
2026-08-04 14:07,MOVISTAR ARENA - SANTIAGO CENTRO,Paulo Londra,2026-08-20,,TT6S3R90,PLATEA ALTA GOLDEN,417,240
2026-08-04 14:07,MOVISTAR ARENA - SANTIAGO CENTRO,Raphael - Raphaelísimo Tour 2026,2026-10-12,,TT3S4R-90,PLATEA BAJA GOLDEN,235,180
2026-08-04 14:07,MOVISTAR ARENA - SANTIAGO CENTRO,Raphael - Raphaelísimo Tour 2026,2026-10-12,,TT4S4R-75,PLATEA BAJA SILVER,257,168
2026-08-04 14:07,MOVISTAR ARENA - SANTIAGO CENTRO,Raphael - Raphaelísimo Tour 2026,2026-10-12,,TT4S3R-46,PLATEA BAJA SILVER,294,145
2026-08-04 14:07,MOVISTAR ARENA - SANTIAGO CENTRO,Raphael - Raphaelísimo Tour 2026,2026-10-12,,TT4S2R46,PLATEA BAJA SILVER,302,131
2026-08-04 14:07,MOVISTAR ARENA - SANTIAGO CENTRO,Raphael - Raphaelísimo Tour 2026,2026-10-12,,TT4S1R75,PLATEA BAJA SILVER,256,174
2026-08-04 14:07,MOVISTAR ARENA - SANTIAGO CENTRO,Raphael - Raphaelísimo Tour 2026,2026-10-12,,TT3S3R90,PLATEA BAJA GOLDEN,468,443
2026-08-04 14:07,MOVISTAR ARENA - SANTIAGO CENTRO,Raphael - Raphaelísimo Tour 2026,2026-10-12,,TT6S3,GOLDEN,306,246
2026-08-04 14:07,MOVISTAR ARENA - SANTIAGO CENTRO,Raphael - Raphaelísimo Tour 2026,2026-10-12,,TT6S2,GOLDEN,306,250
2026-08-04 14:07,MOVISTAR ARENA - SANTIAGO CENTRO,Raphael - Raphaelísimo Tour 2026,2026-10-12,,TT6S1,GOLDEN,90,48
2026-08-04 14:07,MOVISTAR ARENA - SANTIAGO CENTRO,Raphael - Raphaelísimo Tour 2026,2026-10-12,,TT6S4,GOLDEN,90,57
2026-08-04 14:07,MOVISTAR ARENA - SANTIAGO CENTRO,Raphael - Raphaelísimo Tour 2026,2026-10-12,,TT5S1,PLATINUM,60,42
2026-08-04 14:07,MOVISTAR ARENA - SANTIAGO CENTRO,Raphael - Raphaelísimo Tour 2026,2026-10-12,,TT5S6,PLATINUM,18,
2026-08-04 14:07,MOVISTAR ARENA - SANTIAGO CENTRO,Raphael - Raphaelísimo Tour 2026,2026-10-12,,TT5S2,PLATINUM,270,241
2026-08-04 14:07,MOVISTAR ARENA - SANTIAGO CENTRO,Raphael - Raphaelísimo Tour 2026,2026-10-12,,TT5S3,PLATINUM,270,266
2026-08-04 14:07,MOVISTAR ARENA - SANTIAGO CENTRO,Raphael - Raphaelísimo Tour 2026,2026-10-12,,TT7S13R-92,PLATEA ALTA,474,467
2026-08-04 14:07,MOVISTAR ARENA - SANTIAGO CENTRO,Raphael - Raphaelísimo Tour 2026,2026-10-12,,TT7S12R-90,PLATEA ALTA,417,409
2026-08-04 14:07,MOVISTAR ARENA - SANTIAGO CENTRO,Raphael - Raphaelísimo Tour 2026,2026-10-12,,TT7S4R75,PLATEA ALTA,366,357
2026-08-04 14:07,MOVISTAR ARENA - SANTIAGO CENTRO,Raphael - Raphaelísimo Tour 2026,2026-10-12,,TT7S11R-75,PLATEA ALTA,363,347
2026-08-04 14:08,MOVISTAR ARENA - SANTIAGO CENTRO,Raphael - Raphaelísimo Tour 2026,2026-10-12,,TT7S10R-46,PLATEA ALTA,257,201
2026-08-04 14:08,MOVISTAR ARENA - SANTIAGO CENTRO,Raphael - Raphaelísimo Tour 2026,2026-10-12,,TT7S5R46,PLATEA ALTA,262,214
2026-08-04 14:08,MOVISTAR ARENA - SANTIAGO CENTRO,Raphael - Raphaelísimo Tour 2026,2026-10-12,,TT7S6R40,PLATEA ALTA,201,145
2026-08-04 14:08,MOVISTAR ARENA - SANTIAGO CENTRO,Raphael - Raphaelísimo Tour 2026,2026-10-12,,TT7S9R-40,PLATEA ALTA,201,165
2026-08-04 14:08,MOVISTAR ARENA - SANTIAGO CENTRO,Raphael - Raphaelísimo Tour 2026,2026-10-12,,TT7S8,PLATEA ALTA,199,193
2026-08-04 14:08,MOVISTAR ARENA - SANTIAGO CENTRO,Raphael - Raphaelísimo Tour 2026,2026-10-12,,TT7S7,PLATEA ALTA,198,187
2026-08-04 14:08,MOVISTAR ARENA - SANTIAGO CENTRO,Raphael - Raphaelísimo Tour 2026,2026-10-12,,TT7S2R92,PLATEA ALTA,474,472
2026-08-04 14:08,MOVISTAR ARENA - SANTIAGO CENTRO,Raphael - Raphaelísimo Tour 2026,2026-10-12,,TT7S3R90,PLATEA ALTA,417,413
2026-08-04 14:08,MOVISTAR ARENA - SANTIAGO CENTRO,Raphael - Raphaelísimo Tour 2026,2026-10-12,,TT7S14R-97,PLATEA ALTA,243,240
2026-08-04 14:08,MOVISTAR ARENA - SANTIAGO CENTRO,Alex Ubago,2026-10-03,,TT8S5R-97,PLATEA BAJA DIAMANTE,196,120
2026-08-04 14:08,MOVISTAR ARENA - SANTIAGO CENTRO,Alex Ubago,2026-10-03,,TT8S1R97,PLATEA BAJA DIAMANTE,189,121
2026-08-04 14:08,MOVISTAR ARENA - SANTIAGO CENTRO,Alex Ubago,2026-10-03,,TT8S4R-95,PLATEA BAJA DIAMANTE,261,194
2026-08-04 14:08,MOVISTAR ARENA - SANTIAGO CENTRO,Alex Ubago,2026-10-03,,TT10S3R-46,PLATEA BAJA SILVER,294,214
2026-08-04 14:08,MOVISTAR ARENA - SANTIAGO CENTRO,Alex Ubago,2026-10-03,,TT10S2R46,PLATEA BAJA SILVER,302,243
2026-08-04 14:08,MOVISTAR ARENA - SANTIAGO CENTRO,Alex Ubago,2026-10-03,,TT8S2R92,PLATEA BAJA DIAMANTE,472,343
2026-08-04 14:08,MOVISTAR ARENA - SANTIAGO CENTRO,Alex Ubago,2026-10-03,,TT11S8R-97,PLATEA ALTA GOLDEN,358,288
2026-08-04 14:08,MOVISTAR ARENA - SANTIAGO CENTRO,Alex Ubago,2026-10-03,,TT11S7R-92,PLATEA ALTA GOLDEN,474,364
2026-08-04 14:08,MOVISTAR ARENA - SANTIAGO CENTRO,Alex Ubago,2026-10-03,,TT11S6R-90,PLATEA ALTA GOLDEN,417,265
2026-08-04 14:08,MOVISTAR ARENA - SANTIAGO CENTRO,Alex Ubago,2026-10-03,,TT11S4R75,PLATEA ALTA GOLDEN,366,168
2026-08-04 14:08,MOVISTAR ARENA - SANTIAGO CENTRO,Alex Ubago,2026-10-03,,TT11S5R-75,PLATEA ALTA GOLDEN,363,160
2026-08-04 14:08,MOVISTAR ARENA - SANTIAGO CENTRO,Alex Ubago,2026-10-03,,TT12S6R-46,PLATEA ALTA SILVER,257,84
2026-08-04 14:08,MOVISTAR ARENA - SANTIAGO CENTRO,Alex Ubago,2026-10-03,,TT12S1R46,PLATEA ALTA SILVER,262,98
2026-08-04 14:08,MOVISTAR ARENA - SANTIAGO CENTRO,Alex Ubago,2026-10-03,,TT12S2R40,PLATEA ALTA SILVER,201,67
2026-08-04 14:08,MOVISTAR ARENA - SANTIAGO CENTRO,Alex Ubago,2026-10-03,,TT12S5R-40,PLATEA ALTA SILVER,201,70
2026-08-04 14:08,MOVISTAR ARENA - SANTIAGO CENTRO,Alex Ubago,2026-10-03,,TT12S4,PLATEA ALTA SILVER,199,153
2026-08-04 14:08,MOVISTAR ARENA - SANTIAGO CENTRO,Alex Ubago,2026-10-03,,TT12S3,PLATEA ALTA SILVER,198,150
2026-08-04 14:08,MOVISTAR ARENA - SANTIAGO CENTRO,Alex Ubago,2026-10-03,,TT11S1R97,PLATEA ALTA GOLDEN,358,287
2026-08-04 14:08,MOVISTAR ARENA - SANTIAGO CENTRO,Alex Ubago,2026-10-03,,TT11S2R92,PLATEA ALTA GOLDEN,474,401
2026-08-04 14:08,MOVISTAR ARENA - SANTIAGO CENTRO,Alex Ubago,2026-10-03,,TT11S3R90,PLATEA ALTA GOLDEN,417,313
2026-08-04 14:08,MOVISTAR ARENA - SANTIAGO CENTRO,Alex Ubago,2026-10-03,,TT9S2R-90,PLATEA BAJA GOLDEN,235,99
2026-08-04 14:08,MOVISTAR ARENA - SANTIAGO CENTRO,Alex Ubago,2026-10-03,,TT10S4R-75,PLATEA BAJA SILVER,257,250
2026-08-04 14:08,MOVISTAR ARENA - SANTIAGO CENTRO,Alex Ubago,2026-10-03,,TT10S1R75,PLATEA BAJA SILVER,256,244
2026-08-04 14:08,MOVISTAR ARENA - SANTIAGO CENTRO,Alex Ubago,2026-10-03,,TT9S1R90,PLATEA BAJA GOLDEN,468,293
2026-08-04 14:08,MOVISTAR ARENA - SANTIAGO CENTRO,Alex Ubago,2026-10-03,,TT8S3R-90,PLATEA BAJA DIAMANTE,157,101
2026-08-04 14:08,MOVISTAR ARENA - SANTIAGO CENTRO,Alex Ubago,2026-10-03,,TT9S3R-90,PLATEA BAJA GOLDEN,235,144
2026-08-04 14:08,MOVISTAR ARENA - SANTIAGO CENTRO,Alex Ubago,2026-10-03,,TT2S1,DIAMANTE,288,229
2026-08-04 14:08,MOVISTAR ARENA - SANTIAGO CENTRO,Alex Ubago,2026-10-03,,TT2S2,DIAMANTE,288,287
2026-08-04 14:08,MOVISTAR ARENA - SANTIAGO CENTRO,Alex Ubago,2026-10-03,,TT2S3,DIAMANTE,288,226
2026-08-04 14:08,MOVISTAR ARENA - SANTIAGO CENTRO,Alex Ubago,2026-10-03,,TT4S1,PLATINUM,270,78
2026-08-04 14:08,MOVISTAR ARENA - SANTIAGO CENTRO,Alex Ubago,2026-10-03,,TT4S2,PLATINUM,270,205
2026-08-04 14:08,MOVISTAR ARENA - SANTIAGO CENTRO,Alex Ubago,2026-10-03,,TT4S3,PLATINUM,270,66
2026-08-04 14:08,MOVISTAR ARENA - SANTIAGO CENTRO,Alex Ubago,2026-10-03,,TT5S1,PLATINUM LATERAL,72,1
2026-08-04 14:08,MOVISTAR ARENA - SANTIAGO CENTRO,Alex Ubago,2026-10-03,,TT3S1,DIAMANTE LATERAL,90,45
2026-08-04 14:08,MOVISTAR ARENA - SANTIAGO CENTRO,Alex Ubago,2026-10-03,,TT3S2,DIAMANTE LATERAL,96,50
2026-08-04 14:08,MOVISTAR ARENA - SANTIAGO CENTRO,Alex Ubago,2026-10-03,,TT7S1,GOLDEN LATERAL,82,60
2026-08-04 14:08,MOVISTAR ARENA - SANTIAGO CENTRO,Alex Ubago,2026-10-03,,TT7S2,GOLDEN LATERAL,82,60
2026-08-04 14:08,MOVISTAR ARENA - SANTIAGO CENTRO,Alex Ubago,2026-10-03,,TT6S1,GOLDEN,324,76
2026-08-04 14:08,MOVISTAR ARENA - SANTIAGO CENTRO,Alex Ubago,2026-10-03,,TT6S2,GOLDEN,324,80
2026-08-04 14:08,MOVISTAR ARENA - SANTIAGO CENTRO,Alex Ubago,2026-10-03,,TT5S2,PLATINUM LATERAL,54,40
2026-08-04 14:09,MOVISTAR ARENA - SANTIAGO CENTRO,Alex Anwandter - en Movistar Arena,2026-08-29,,TT2S3R-46,PLATEA BAJA SILVER,294,231
2026-08-04 14:09,MOVISTAR ARENA - SANTIAGO CENTRO,Alex Anwandter - en Movistar Arena,2026-08-29,,TT2S2R46,PLATEA BAJA SILVER,302,258
2026-08-04 14:09,MOVISTAR ARENA - SANTIAGO CENTRO,Alex Anwandter - en Movistar Arena,2026-08-29,,TT1S2R92,PLATEA BAJA GOLDEN,472,467
2026-08-04 14:09,MOVISTAR ARENA - SANTIAGO CENTRO,Alex Anwandter - en Movistar Arena,2026-08-29,,TT1S4R-90,PLATEA BAJA GOLDEN,235,82
2026-08-04 14:09,MOVISTAR ARENA - SANTIAGO CENTRO,Alex Anwandter - en Movistar Arena,2026-08-29,,TT1S3R90,PLATEA BAJA GOLDEN,468,252
2026-08-04 14:09,MOVISTAR ARENA - SANTIAGO CENTRO,Alex Anwandter - en Movistar Arena,2026-08-29,,TT1S5R-92,PLATEA BAJA GOLDEN,392,221
2026-08-04 14:09,MOVISTAR ARENA - SANTIAGO CENTRO,Andrés Calamaro - Como Cantor,2026-08-25,,TT8S11R-97,PLATEA BAJA,196,46
2026-08-04 14:09,MOVISTAR ARENA - SANTIAGO CENTRO,Andrés Calamaro - Como Cantor,2026-08-25,,TT8S1R97,PLATEA BAJA,189,51
2026-08-04 14:09,MOVISTAR ARENA - SANTIAGO CENTRO,Andrés Calamaro - Como Cantor,2026-08-25,,TT8S10R-92,PLATEA BAJA,261,106
2026-08-04 14:09,MOVISTAR ARENA - SANTIAGO CENTRO,Andrés Calamaro - Como Cantor,2026-08-25,,TT8S9R-90,PLATEA BAJA,392,62
2026-08-04 14:09,MOVISTAR ARENA - SANTIAGO CENTRO,Andrés Calamaro - Como Cantor,2026-08-25,,TT8S8R-90,PLATEA BAJA,235,29
2026-08-04 14:09,MOVISTAR ARENA - SANTIAGO CENTRO,Andrés Calamaro - Como Cantor,2026-08-25,,TT8S7R-75,PLATEA BAJA,257,15
2026-08-04 14:09,MOVISTAR ARENA - SANTIAGO CENTRO,Andrés Calamaro - Como Cantor,2026-08-25,,TT8S6R-46,PLATEA BAJA,294,12
2026-08-04 14:09,MOVISTAR ARENA - SANTIAGO CENTRO,Andrés Calamaro - Como Cantor,2026-08-25,,TT8S4R75,PLATEA BAJA,256,12
2026-08-04 14:09,MOVISTAR ARENA - SANTIAGO CENTRO,Andrés Calamaro - Como Cantor,2026-08-25,,TT8S3R90,PLATEA BAJA,468,115
2026-08-04 14:09,MOVISTAR ARENA - SANTIAGO CENTRO,Andrés Calamaro - Como Cantor,2026-08-25,,TT8S2R92,PLATEA BAJA,472,260
2026-08-04 14:09,MOVISTAR ARENA - SANTIAGO CENTRO,Andrés Calamaro - Como Cantor,2026-08-25,,TT1S2,PRIMERAS FILAS,180,169
2026-08-04 14:09,MOVISTAR ARENA - SANTIAGO CENTRO,Andrés Calamaro - Como Cantor,2026-08-25,,TT1S1,PRIMERAS FILAS,168,75
2026-08-04 14:09,MOVISTAR ARENA - SANTIAGO CENTRO,Andrés Calamaro - Como Cantor,2026-08-25,,TT1S3,PRIMERAS FILAS,168,72
2026-08-04 14:09,MOVISTAR ARENA - SANTIAGO CENTRO,Andrés Calamaro - Como Cantor,2026-08-25,,TT2S1,DIAMANTE,288,60
2026-08-04 14:09,MOVISTAR ARENA - SANTIAGO CENTRO,Andrés Calamaro - Como Cantor,2026-08-25,,TT2S2,DIAMANTE,288,136
2026-08-04 14:09,MOVISTAR ARENA - SANTIAGO CENTRO,Andrés Calamaro - Como Cantor,2026-08-25,,TT2S3,DIAMANTE,288,77
2026-08-04 14:09,MOVISTAR ARENA - SANTIAGO CENTRO,Andrés Calamaro - Como Cantor,2026-08-25,,TT3S1,DIAMANTE LATERAL,90,58
2026-08-04 14:09,MOVISTAR ARENA - SANTIAGO CENTRO,Andrés Calamaro - Como Cantor,2026-08-25,,TT3S2,DIAMANTE LATERAL,96,66
2026-08-04 14:09,MOVISTAR ARENA - SANTIAGO CENTRO,Andrés Calamaro - Como Cantor,2026-08-25,,TT5S1,PLATINUM LATERAL,72,27
2026-08-04 14:09,MOVISTAR ARENA - SANTIAGO CENTRO,Andrés Calamaro - Como Cantor,2026-08-25,,TT5S2,PLATINUM LATERAL,54,36
2026-08-04 14:09,MOVISTAR ARENA - SANTIAGO CENTRO,Andrés Calamaro - Como Cantor,2026-08-25,,TT4S1,PLATINUM,270,7
2026-08-04 14:09,MOVISTAR ARENA - SANTIAGO CENTRO,Andrés Calamaro - Como Cantor,2026-08-25,,TT4S2,PLATINUM,270,51
2026-08-04 14:09,MOVISTAR ARENA - SANTIAGO CENTRO,Andrés Calamaro - Como Cantor,2026-08-25,,TT4S3,PLATINUM,270,18
2026-08-04 14:09,MOVISTAR ARENA - SANTIAGO CENTRO,Andrés Calamaro - Como Cantor,2026-08-25,,TT6S1,GOLDEN,324,57
2026-08-04 14:09,MOVISTAR ARENA - SANTIAGO CENTRO,Andrés Calamaro - Como Cantor,2026-08-25,,TT6S2,GOLDEN,324,64
2026-08-04 14:09,MOVISTAR ARENA - SANTIAGO CENTRO,Andrés Calamaro - Como Cantor,2026-08-25,,TT7S1,GOLDEN LATERAL,82,6
2026-08-04 14:09,MOVISTAR ARENA - SANTIAGO CENTRO,Andrés Calamaro - Como Cantor,2026-08-25,,TT7S2,GOLDEN LATERAL,82,7
2026-08-04 14:10,MOVISTAR ARENA - SANTIAGO CENTRO,Andrés Calamaro - Como Cantor,2026-08-25,,TT9S14R-97,PLATEA ALTA,358,101
2026-08-04 14:10,MOVISTAR ARENA - SANTIAGO CENTRO,Andrés Calamaro - Como Cantor,2026-08-25,,TT9S13R-92,PLATEA ALTA,474,218
2026-08-04 14:10,MOVISTAR ARENA - SANTIAGO CENTRO,Andrés Calamaro - Como Cantor,2026-08-25,,TT9S12R-90,PLATEA ALTA,417,150
2026-08-04 14:10,MOVISTAR ARENA - SANTIAGO CENTRO,Andrés Calamaro - Como Cantor,2026-08-25,,TT9S4R75,PLATEA ALTA,366,101
2026-08-04 14:10,MOVISTAR ARENA - SANTIAGO CENTRO,Andrés Calamaro - Como Cantor,2026-08-25,,TT9S11R-75,PLATEA ALTA,363,75
2026-08-04 14:10,MOVISTAR ARENA - SANTIAGO CENTRO,Andrés Calamaro - Como Cantor,2026-08-25,,TT9S10R-46,PLATEA ALTA,257,36
2026-08-04 14:10,MOVISTAR ARENA - SANTIAGO CENTRO,Andrés Calamaro - Como Cantor,2026-08-25,,TT9S5R46,PLATEA ALTA,262,35
2026-08-04 14:10,MOVISTAR ARENA - SANTIAGO CENTRO,Andrés Calamaro - Como Cantor,2026-08-25,,TT9S6R40,PLATEA ALTA,201,27
2026-08-04 14:10,MOVISTAR ARENA - SANTIAGO CENTRO,Andrés Calamaro - Como Cantor,2026-08-25,,TT9S9R-40,PLATEA ALTA,201,17
2026-08-04 14:10,MOVISTAR ARENA - SANTIAGO CENTRO,Andrés Calamaro - Como Cantor,2026-08-25,,TT9S8,PLATEA ALTA,199,67
2026-08-04 14:10,MOVISTAR ARENA - SANTIAGO CENTRO,Andrés Calamaro - Como Cantor,2026-08-25,,TT9S7,PLATEA ALTA,198,56
2026-08-04 14:10,MOVISTAR ARENA - SANTIAGO CENTRO,Andrés Calamaro - Como Cantor,2026-08-25,,TT9S1R97,PLATEA ALTA,358,114
2026-08-04 14:10,MOVISTAR ARENA - SANTIAGO CENTRO,Andrés Calamaro - Como Cantor,2026-08-25,,TT9S2R92,PLATEA ALTA,474,243
2026-08-04 14:10,MOVISTAR ARENA - SANTIAGO CENTRO,Andrés Calamaro - Como Cantor,2026-08-25,,TT9S3R90,PLATEA ALTA,417,233
2026-08-04 14:11,MOVISTAR ARENA - SANTIAGO CENTRO,Babasonicos,2026-11-21,,TT4S8R-97,PLATEA ALTA GOLDEN,362,159
2026-08-04 14:11,MOVISTAR ARENA - SANTIAGO CENTRO,Babasonicos,2026-11-21,,TT4S7R-92,PLATEA ALTA GOLDEN,474,328
2026-08-04 14:11,MOVISTAR ARENA - SANTIAGO CENTRO,Babasonicos,2026-11-21,,TT4S6R-90,PLATEA ALTA GOLDEN,417,176
2026-08-04 14:11,MOVISTAR ARENA - SANTIAGO CENTRO,Babasonicos,2026-11-21,,TT4S4R75,PLATEA ALTA GOLDEN,366,87
2026-08-04 14:11,MOVISTAR ARENA - SANTIAGO CENTRO,Babasonicos,2026-11-21,,TT4S5R-75,PLATEA ALTA GOLDEN,363,49
2026-08-04 14:11,MOVISTAR ARENA - SANTIAGO CENTRO,Babasonicos,2026-11-21,,TT8S1R46,PLATEA ALTA SILVER,262,118
2026-08-04 14:11,MOVISTAR ARENA - SANTIAGO CENTRO,Babasonicos,2026-11-21,,TT8S2R40,PLATEA ALTA SILVER,201,61
2026-08-04 14:11,MOVISTAR ARENA - SANTIAGO CENTRO,Babasonicos,2026-11-21,,TT8S4,PLATEA ALTA SILVER,199,137
2026-08-04 14:11,MOVISTAR ARENA - SANTIAGO CENTRO,Babasonicos,2026-11-21,,TT8S3,PLATEA ALTA SILVER,198,122
2026-08-04 14:11,MOVISTAR ARENA - SANTIAGO CENTRO,Babasonicos,2026-11-21,,TT1S5R-97,PLATEA BAJA DIAMANTE,196,143
2026-08-04 14:11,MOVISTAR ARENA - SANTIAGO CENTRO,Babasonicos,2026-11-21,,TT1S1R97,PLATEA BAJA DIAMANTE,189,94
2026-08-04 14:11,MOVISTAR ARENA - SANTIAGO CENTRO,Babasonicos,2026-11-21,,TT1S4R-95,PLATEA BAJA DIAMANTE,261,239
2026-08-04 14:11,MOVISTAR ARENA - SANTIAGO CENTRO,Babasonicos,2026-11-21,,TT1S3R-90,PLATEA BAJA DIAMANTE,157,57
2026-08-04 14:11,MOVISTAR ARENA - SANTIAGO CENTRO,Babasonicos,2026-11-21,,TT2S3R-90,PLATEA BAJA GOLDEN,235,132
2026-08-04 14:11,MOVISTAR ARENA - SANTIAGO CENTRO,Babasonicos,2026-11-21,,TT2S2R-90,PLATEA BAJA GOLDEN,235,98
2026-08-04 14:11,MOVISTAR ARENA - SANTIAGO CENTRO,Babasonicos,2026-11-21,,TT3S4R-75,PLATEA BAJA SILVER,257,254
2026-08-04 14:11,MOVISTAR ARENA - SANTIAGO CENTRO,Babasonicos,2026-11-21,,TT3S3R-46,PLATEA BAJA SILVER,294,97
2026-08-04 14:11,MOVISTAR ARENA - SANTIAGO CENTRO,Babasonicos,2026-11-21,,TT3S2R46,PLATEA BAJA SILVER,302,116
2026-08-04 14:11,MOVISTAR ARENA - SANTIAGO CENTRO,Babasonicos,2026-11-21,,TT3S1R75,PLATEA BAJA SILVER,256,140
2026-08-04 14:11,MOVISTAR ARENA - SANTIAGO CENTRO,Babasonicos,2026-11-21,,TT2S1R90,PLATEA BAJA GOLDEN,468,391
2026-08-04 14:11,MOVISTAR ARENA - SANTIAGO CENTRO,Babasonicos,2026-11-21,,TT1S2R92,PLATEA BAJA DIAMANTE,472,271
2026-08-04 14:11,MOVISTAR ARENA - SANTIAGO CENTRO,Babasonicos,2026-11-21,,TT4S1R97,PLATEA ALTA GOLDEN,362,318
2026-08-04 14:11,MOVISTAR ARENA - SANTIAGO CENTRO,Babasonicos,2026-11-21,,TT4S2R92,PLATEA ALTA GOLDEN,474,470
2026-08-04 14:11,MOVISTAR ARENA - SANTIAGO CENTRO,Babasonicos,2026-11-21,,TT4S3R90,PLATEA ALTA GOLDEN,417,228
2026-08-04 14:11,MOVISTAR ARENA - SANTIAGO CENTRO,BABYMETAL,2026-12-03,,TT2S5R-97,PLATEA BAJA DIAMANTE,196,179
2026-08-04 14:11,MOVISTAR ARENA - SANTIAGO CENTRO,BABYMETAL,2026-12-03,,TT2S1R97,PLATEA BAJA DIAMANTE,189,180
2026-08-04 14:11,MOVISTAR ARENA - SANTIAGO CENTRO,BABYMETAL,2026-12-03,,TT2S4R-95,PLATEA BAJA DIAMANTE,261,223
2026-08-04 14:11,MOVISTAR ARENA - SANTIAGO CENTRO,BABYMETAL,2026-12-03,,TT2S3R-90,PLATEA BAJA DIAMANTE,157,103
2026-08-04 14:11,MOVISTAR ARENA - SANTIAGO CENTRO,BABYMETAL,2026-12-03,,TT3S3R-90,PLATEA BAJA GOLDEN,235,207
2026-08-04 14:11,MOVISTAR ARENA - SANTIAGO CENTRO,BABYMETAL,2026-12-03,,TT3S2R-90,PLATEA BAJA GOLDEN,235,141
2026-08-04 14:11,MOVISTAR ARENA - SANTIAGO CENTRO,BABYMETAL,2026-12-03,,TT4S4R-75,PLATEA BAJA SILVER,257,241
2026-08-04 14:11,MOVISTAR ARENA - SANTIAGO CENTRO,BABYMETAL,2026-12-03,,TT4S3R-46,PLATEA BAJA SILVER,294,252
2026-08-04 14:11,MOVISTAR ARENA - SANTIAGO CENTRO,BABYMETAL,2026-12-03,,TT4S2R46,PLATEA BAJA SILVER,302,245
2026-08-04 14:11,MOVISTAR ARENA - SANTIAGO CENTRO,BABYMETAL,2026-12-03,,TT4S1R75,PLATEA BAJA SILVER,256,248
2026-08-04 14:11,MOVISTAR ARENA - SANTIAGO CENTRO,BABYMETAL,2026-12-03,,TT3S1R90,PLATEA BAJA GOLDEN,468,405
2026-08-04 14:11,MOVISTAR ARENA - SANTIAGO CENTRO,BABYMETAL,2026-12-03,,TT2S2R92,PLATEA BAJA DIAMANTE,472,407
2026-08-04 14:12,MOVISTAR ARENA - SANTIAGO CENTRO,Helloween - 40 Years Anniversary,2026-09-11,,TT2S11R-90,PLATEA BAJA,196,137
2026-08-04 14:12,MOVISTAR ARENA - SANTIAGO CENTRO,Helloween - 40 Years Anniversary,2026-09-11,,TT2S1R90,PLATEA BAJA,189,129
2026-08-04 14:12,MOVISTAR ARENA - SANTIAGO CENTRO,Helloween - 40 Years Anniversary,2026-09-11,,TT2S8R-90,PLATEA BAJA,235,217
2026-08-04 14:12,MOVISTAR ARENA - SANTIAGO CENTRO,Helloween - 40 Years Anniversary,2026-09-11,,TT2S7R-90,PLATEA BAJA,257,162
2026-08-04 14:12,MOVISTAR ARENA - SANTIAGO CENTRO,Helloween - 40 Years Anniversary,2026-09-11,,TT2S6R-90,PLATEA BAJA,294,179
2026-08-04 14:12,MOVISTAR ARENA - SANTIAGO CENTRO,Helloween - 40 Years Anniversary,2026-09-11,,TT2S5R90,PLATEA BAJA,302,190
2026-08-04 14:12,MOVISTAR ARENA - SANTIAGO CENTRO,Helloween - 40 Years Anniversary,2026-09-11,,TT2S4R90,PLATEA BAJA,256,174
2026-08-04 14:12,MOVISTAR ARENA - SANTIAGO CENTRO,La Reina del Flow,2026-09-03,,TT8S5R-97,PLATEA BAJA DIAMANTE,196,179
2026-08-04 14:12,MOVISTAR ARENA - SANTIAGO CENTRO,La Reina del Flow,2026-09-03,,TT8S1R97,PLATEA BAJA DIAMANTE,189,171
2026-08-04 14:13,MOVISTAR ARENA - SANTIAGO CENTRO,La Reina del Flow,2026-09-03,,TT8S4R-95,PLATEA BAJA DIAMANTE,261,222
2026-08-04 14:13,MOVISTAR ARENA - SANTIAGO CENTRO,La Reina del Flow,2026-09-03,,TT8S2R92,PLATEA BAJA DIAMANTE,472,462
2026-08-04 14:13,MOVISTAR ARENA - SANTIAGO CENTRO,La Reina del Flow,2026-09-03,,TT8S3R-90,PLATEA BAJA DIAMANTE,157,111
2026-08-04 14:13,MOVISTAR ARENA - SANTIAGO CENTRO,La Reina del Flow,2026-09-03,,TT4S1,PLATINUM,270,244
2026-08-04 14:13,MOVISTAR ARENA - SANTIAGO CENTRO,La Reina del Flow,2026-09-03,,TT4S2,PLATINUM,270,268
2026-08-04 14:13,MOVISTAR ARENA - SANTIAGO CENTRO,La Reina del Flow,2026-09-03,,TT4S3,PLATINUM,270,236
2026-08-04 14:13,MOVISTAR ARENA - SANTIAGO CENTRO,La Reina del Flow,2026-09-03,,TT5S1,PLATINUM LATERAL,72,69
2026-08-04 14:13,MOVISTAR ARENA - SANTIAGO CENTRO,La Reina del Flow,2026-09-03,,TT6S1,GOLDEN,324,315
2026-08-04 14:13,MOVISTAR ARENA - SANTIAGO CENTRO,La Reina del Flow,2026-09-03,,TT6S2,GOLDEN,324,301
2026-08-04 14:13,MOVISTAR ARENA - SANTIAGO CENTRO,La Reina del Flow,2026-09-03,,TT5S2,PLATINUM LATERAL,54,53
